entry,at,order
"The player ""Sean @ 6Vj8h9FQMu"" passed the room ownership to ""Charlie @ aABpeVhrzE"".",2020-11-26T05:50:19.919Z,160636981992100
"""Ben @ HxeA6HL5ee"" shows a J♥, 8♥.",2020-11-26T05:43:05.028Z,160636938502900
"-- ending hand #42 --",2020-11-26T05:43:03.511Z,160636938351202
"""Ben @ HxeA6HL5ee"" collected 2 from pot",2020-11-26T05:43:03.511Z,160636938351201
"Uncalled bet of 1 returned to ""Ben @ HxeA6HL5ee""",2020-11-26T05:43:03.511Z,160636938351200
"""Chad @ 8jqQZhEvdi"" folds",2020-11-26T05:43:02.703Z,160636938270400
"""Steve @ vKtqqQXap1"" folds",2020-11-26T05:43:01.811Z,160636938181200
"""Charlie @ aABpeVhrzE"" folds",2020-11-26T05:42:53.135Z,160636937313500
"""Ben @ HxeA6HL5ee"" posts a big blind of 2",2020-11-26T05:41:19.789Z,160636927979107
"""Chad @ 8jqQZhEvdi"" posts a small blind of 1",2020-11-26T05:41:19.789Z,160636927979106
"Your hand is 9♦, A♦",2020-11-26T05:41:19.789Z,160636927979103
"Player stacks: #2 ""Charlie @ aABpeVhrzE"" (171) | #6 ""Steve @ vKtqqQXap1"" (139) | #7 ""Chad @ 8jqQZhEvdi"" (40) | #10 ""Ben @ HxeA6HL5ee"" (50)",2020-11-26T05:41:19.789Z,160636927979101
"-- starting hand #42  (No Limit Texas Hold'em) (dealer: ""Steve @ vKtqqQXap1"") --",2020-11-26T05:41:19.789Z,160636927979100
"""Charlie @ aABpeVhrzE"" shows a 8♠, 4♦.",2020-11-26T05:40:57.489Z,160636925749000
"-- ending hand #41 --",2020-11-26T05:40:50.956Z,160636925095802
"""Steve @ vKtqqQXap1"" collected 48 from pot with Two Pair, 10's & 3's (combination: 10♥, 10♠, 3♠, 3♥, Q♣)",2020-11-26T05:40:50.956Z,160636925095801
"""Steve @ vKtqqQXap1"" shows a 10♥, 3♠.",2020-11-26T05:40:50.956Z,160636925095800
"""Charlie @ aABpeVhrzE"" calls 12",2020-11-26T05:40:50.151Z,160636925015200
"""Ben @ HxeA6HL5ee"" folds",2020-11-26T05:40:03.528Z,160636920352900
"""Chad @ 8jqQZhEvdi"" folds",2020-11-26T05:39:57.015Z,160636919701600
"""Steve @ vKtqqQXap1"" bets 12",2020-11-26T05:39:52.503Z,160636919250300
"river: 5♥, 2♦, 3♥, Q♣ [10♠]",2020-11-26T05:39:31.208Z,160636917121500
"""Ben @ HxeA6HL5ee"" calls 2",2020-11-26T05:39:30.396Z,160636917039700
"""Chad @ 8jqQZhEvdi"" calls 2",2020-11-26T05:39:24.972Z,160636916497300
"""Steve @ vKtqqQXap1"" calls 2",2020-11-26T05:39:18.525Z,160636915852600
"""Charlie @ aABpeVhrzE"" bets 2",2020-11-26T05:39:00.140Z,160636914014100
"""Ben @ HxeA6HL5ee"" checks",2020-11-26T05:38:56.373Z,160636913637400
"""Chad @ 8jqQZhEvdi"" checks",2020-11-26T05:38:51.586Z,160636913158600
"""Steve @ vKtqqQXap1"" checks",2020-11-26T05:38:48.631Z,160636912863200
"turn: 5♥, 2♦, 3♥ [Q♣]",2020-11-26T05:38:35.107Z,160636911510800
"""Chad @ 8jqQZhEvdi"" calls 2",2020-11-26T05:38:34.297Z,160636911429800
"""Steve @ vKtqqQXap1"" calls 2",2020-11-26T05:38:26.115Z,160636910611500
"""Charlie @ aABpeVhrzE"" calls 2",2020-11-26T05:38:13.343Z,160636909334400
"""Ben @ HxeA6HL5ee"" bets 2",2020-11-26T05:38:09.719Z,160636908972000
"""Chad @ 8jqQZhEvdi"" checks",2020-11-26T05:38:00.184Z,160636908018400
"""Steve @ vKtqqQXap1"" checks",2020-11-26T05:37:58.104Z,160636907810500
"flop:  [5♥, 2♦, 3♥]",2020-11-26T05:37:48.431Z,160636906843100
"""Chad @ 8jqQZhEvdi"" checks",2020-11-26T05:37:47.623Z,160636906762300
"""Steve @ vKtqqQXap1"" calls 2",2020-11-26T05:37:46.705Z,160636906670500
"""Charlie @ aABpeVhrzE"" calls 2",2020-11-26T05:37:41.897Z,160636906189700
"""Ben @ HxeA6HL5ee"" calls 2",2020-11-26T05:37:31.521Z,160636905152200
"""Chad @ 8jqQZhEvdi"" posts a big blind of 2",2020-11-26T05:37:23.443Z,160636904344407
"""Steve @ vKtqqQXap1"" posts a small blind of 1",2020-11-26T05:37:23.443Z,160636904344406
"Your hand is 10♥, 3♠",2020-11-26T05:37:23.443Z,160636904344403
"Player stacks: #2 ""Charlie @ aABpeVhrzE"" (189) | #6 ""Steve @ vKtqqQXap1"" (109) | #7 ""Chad @ 8jqQZhEvdi"" (46) | #10 ""Ben @ HxeA6HL5ee"" (56)",2020-11-26T05:37:23.443Z,160636904344401
"-- starting hand #41  (No Limit Texas Hold'em) (dealer: ""Charlie @ aABpeVhrzE"") --",2020-11-26T05:37:23.443Z,160636904344400
"-- ending hand #40 --",2020-11-26T05:37:15.537Z,160636903553902
"""Charlie @ aABpeVhrzE"" collected 70 from pot with Three of a Kind, 6's (combination: 6♦, 6♠, 6♣, Q♣, 9♠)",2020-11-26T05:37:15.537Z,160636903553901
"""Charlie @ aABpeVhrzE"" shows a 6♦, 6♠.",2020-11-26T05:37:15.537Z,160636903553900
"""Chad @ 8jqQZhEvdi"" calls 10",2020-11-26T05:37:14.732Z,160636903473300
"""Steve @ vKtqqQXap1"" calls 10",2020-11-26T05:37:12.403Z,160636903240400
"""Charlie @ aABpeVhrzE"" bets 10",2020-11-26T05:36:58.814Z,160636901881500
"river: 3♦, 8♠, Q♣, 6♣ [9♠]",2020-11-26T05:36:38.790Z,160636899879300
"""Chad @ 8jqQZhEvdi"" calls 4",2020-11-26T05:36:37.982Z,160636899798300
"""Steve @ vKtqqQXap1"" calls 4",2020-11-26T05:36:37.083Z,160636899708400
"""Charlie @ aABpeVhrzE"" raises to 4",2020-11-26T05:36:17.243Z,160636897724300
"""Chad @ 8jqQZhEvdi"" bets 2",2020-11-26T05:36:13.202Z,160636897320300
"""Steve @ vKtqqQXap1"" checks",2020-11-26T05:36:01.548Z,160636896154900
"""Charlie @ aABpeVhrzE"" checks",2020-11-26T05:35:56.558Z,160636895655800
"turn: 3♦, 8♠, Q♣ [6♣]",2020-11-26T05:35:50.198Z,160636895019900
"""Charlie @ aABpeVhrzE"" calls 4",2020-11-26T05:35:49.391Z,160636894939200
"""Ben @ HxeA6HL5ee"" folds",2020-11-26T05:35:46.647Z,160636894665300
"""Chad @ 8jqQZhEvdi"" calls 4",2020-11-26T05:35:40.062Z,160636894006600
"""Steve @ vKtqqQXap1"" raises to 4",2020-11-26T05:35:36.280Z,160636893628100
"""Charlie @ aABpeVhrzE"" bets 2",2020-11-26T05:35:17.564Z,160636891756400
"flop:  [3♦, 8♠, Q♣]",2020-11-26T05:34:58.565Z,160636889856600
"""Ben @ HxeA6HL5ee"" calls 4",2020-11-26T05:34:57.738Z,160636889773800
"""Chad @ 8jqQZhEvdi"" calls 4",2020-11-26T05:34:55.703Z,160636889570400
"""Steve @ vKtqqQXap1"" calls 4",2020-11-26T05:34:49.089Z,160636888909000
"""Charlie @ aABpeVhrzE"" raises to 4",2020-11-26T05:34:44.250Z,160636888425000
"""Ben @ HxeA6HL5ee"" calls 2",2020-11-26T05:34:38.503Z,160636887850400
"""Chad @ 8jqQZhEvdi"" calls 2",2020-11-26T05:34:33.034Z,160636887303500
"""Steve @ vKtqqQXap1"" posts a big blind of 2",2020-11-26T05:34:27.901Z,160636886790507
"""Charlie @ aABpeVhrzE"" posts a small blind of 1",2020-11-26T05:34:27.901Z,160636886790506
"Your hand is Q♠, 3♠",2020-11-26T05:34:27.901Z,160636886790503
"Player stacks: #2 ""Charlie @ aABpeVhrzE"" (141) | #6 ""Steve @ vKtqqQXap1"" (131) | #7 ""Chad @ 8jqQZhEvdi"" (68) | #10 ""Ben @ HxeA6HL5ee"" (60)",2020-11-26T05:34:27.901Z,160636886790501
"-- starting hand #40  (No Limit Texas Hold'em) (dealer: ""Ben @ HxeA6HL5ee"") --",2020-11-26T05:34:27.901Z,160636886790500
"""Steve @ vKtqqQXap1"" shows a 10♣, 2♠.",2020-11-26T05:34:15.936Z,160636885593600
"-- ending hand #39 --",2020-11-26T05:34:09.760Z,160636884976102
"""Steve @ vKtqqQXap1"" collected 21 from pot",2020-11-26T05:34:09.760Z,160636884976101
"Uncalled bet of 21 returned to ""Steve @ vKtqqQXap1""",2020-11-26T05:34:09.760Z,160636884976100
"""Charlie @ aABpeVhrzE"" folds",2020-11-26T05:34:08.933Z,160636884893300
"""Steve @ vKtqqQXap1"" bets 21",2020-11-26T05:34:06.027Z,160636884602700
"""Charlie @ aABpeVhrzE"" checks",2020-11-26T05:33:49.707Z,160636882970700
"river: 3♦, A♦, 2♥, 10♥ [7♣]",2020-11-26T05:33:42.182Z,160636882218800
"""Charlie @ aABpeVhrzE"" calls 6",2020-11-26T05:33:41.372Z,160636882137500
"""Steve @ vKtqqQXap1"" raises to 6",2020-11-26T05:33:36.720Z,160636881672100
"""Charlie @ aABpeVhrzE"" bets 2",2020-11-26T05:33:20.202Z,160636880020300
"turn: 3♦, A♦, 2♥ [10♥]",2020-11-26T05:33:08.715Z,160636878871700
"""Steve @ vKtqqQXap1"" calls 2",2020-11-26T05:33:07.902Z,160636878790300
"""Charlie @ aABpeVhrzE"" bets 2",2020-11-26T05:32:53.045Z,160636877304600
"flop:  [3♦, A♦, 2♥]",2020-11-26T05:32:43.984Z,160636876398500
"""Charlie @ aABpeVhrzE"" checks",2020-11-26T05:32:43.174Z,160636876317400
"""Ben @ HxeA6HL5ee"" folds",2020-11-26T05:32:37.984Z,160636875798500
"""Chad @ 8jqQZhEvdi"" folds",2020-11-26T05:32:33.368Z,160636875336900
"""Steve @ vKtqqQXap1"" calls 2",2020-11-26T05:32:31.575Z,160636875157600
"""Charlie @ aABpeVhrzE"" posts a big blind of 2",2020-11-26T05:32:22.199Z,160636874220007
"""Ben @ HxeA6HL5ee"" posts a small blind of 1",2020-11-26T05:32:22.199Z,160636874220006
"Your hand is 10♣, 2♠",2020-11-26T05:32:22.199Z,160636874220003
"Player stacks: #2 ""Charlie @ aABpeVhrzE"" (151) | #6 ""Steve @ vKtqqQXap1"" (120) | #7 ""Chad @ 8jqQZhEvdi"" (68) | #10 ""Ben @ HxeA6HL5ee"" (61)",2020-11-26T05:32:22.199Z,160636874220001
"-- starting hand #39  (No Limit Texas Hold'em) (dealer: ""Chad @ 8jqQZhEvdi"") --",2020-11-26T05:32:22.199Z,160636874220000
"""Steve @ vKtqqQXap1"" shows a 9♠, Q♣.",2020-11-26T05:31:59.909Z,160636871990900
"-- ending hand #38 --",2020-11-26T05:31:44.553Z,160636870455402
"""Steve @ vKtqqQXap1"" collected 10 from pot",2020-11-26T05:31:44.553Z,160636870455401
"Uncalled bet of 6 returned to ""Steve @ vKtqqQXap1""",2020-11-26T05:31:44.553Z,160636870455400
"""Ben @ HxeA6HL5ee"" folds",2020-11-26T05:31:43.745Z,160636870374500
"""Chad @ 8jqQZhEvdi"" folds",2020-11-26T05:31:31.347Z,160636869134800
"""Steve @ vKtqqQXap1"" raises to 8",2020-11-26T05:31:27.467Z,160636868746800
"""Ben @ HxeA6HL5ee"" bets 2",2020-11-26T05:31:14.992Z,160636867499300
"""Chad @ 8jqQZhEvdi"" checks",2020-11-26T05:31:00.951Z,160636866095200
"flop:  [A♣, 9♥, Q♦]",2020-11-26T05:30:49.678Z,160636864968000
"""Ben @ HxeA6HL5ee"" checks",2020-11-26T05:30:48.873Z,160636864887300
"""Chad @ 8jqQZhEvdi"" calls 2",2020-11-26T05:30:43.667Z,160636864366800
"""Steve @ vKtqqQXap1"" calls 2",2020-11-26T05:30:42.785Z,160636864278500
"""Charlie @ aABpeVhrzE"" folds",2020-11-26T05:30:25.494Z,160636862549500
"""Ben @ HxeA6HL5ee"" posts a big blind of 2",2020-11-26T05:30:15.455Z,160636861545607
"""Chad @ 8jqQZhEvdi"" posts a small blind of 1",2020-11-26T05:30:15.455Z,160636861545606
"Your hand is 9♠, Q♣",2020-11-26T05:30:15.455Z,160636861545603
"Player stacks: #2 ""Charlie @ aABpeVhrzE"" (151) | #6 ""Steve @ vKtqqQXap1"" (114) | #7 ""Chad @ 8jqQZhEvdi"" (70) | #10 ""Ben @ HxeA6HL5ee"" (65)",2020-11-26T05:30:15.455Z,160636861545601
"-- starting hand #38  (No Limit Texas Hold'em) (dealer: ""Steve @ vKtqqQXap1"") --",2020-11-26T05:30:15.455Z,160636861545600
"""Steve @ vKtqqQXap1"" shows a 5♥, J♣.",2020-11-26T05:29:31.949Z,160636857195700
"-- ending hand #37 --",2020-11-26T05:29:19.785Z,160636855978703
"""Chad @ 8jqQZhEvdi"" shows a Q♥, 8♥.",2020-11-26T05:29:19.785Z,160636855978702
"""Charlie @ aABpeVhrzE"" collected 30 from pot with Two Pair, J's & 7's (combination: J♥, J♠, 7♥, 7♦, 4♥)",2020-11-26T05:29:19.785Z,160636855978701
"""Charlie @ aABpeVhrzE"" shows a 4♥, J♥.",2020-11-26T05:29:19.785Z,160636855978700
"""Charlie @ aABpeVhrzE"" checks",2020-11-26T05:29:18.962Z,160636855896200
"""Chad @ 8jqQZhEvdi"" checks",2020-11-26T05:29:13.242Z,160636855324300
"river: 3♥, 2♦, 7♥, J♠ [7♦]",2020-11-26T05:29:04.554Z,160636854455900
"""Chad @ 8jqQZhEvdi"" calls 8",2020-11-26T05:29:03.749Z,160636854375000
"""Charlie @ aABpeVhrzE"" raises to 8",2020-11-26T05:28:59.824Z,160636853982500
"""Chad @ 8jqQZhEvdi"" bets 4",2020-11-26T05:28:52.423Z,160636853242400
"turn: 3♥, 2♦, 7♥ [J♠]",2020-11-26T05:28:45.229Z,160636852523100
"""Charlie @ aABpeVhrzE"" calls 2",2020-11-26T05:28:44.423Z,160636852442400
"""Chad @ 8jqQZhEvdi"" bets 2",2020-11-26T05:28:40.389Z,160636852039200
"flop:  [3♥, 2♦, 7♥]",2020-11-26T05:28:14.866Z,160636849486700
"""Steve @ vKtqqQXap1"" folds",2020-11-26T05:28:14.059Z,160636849406000
"""Charlie @ aABpeVhrzE"" calls 4",2020-11-26T05:27:33.157Z,160636845315800
"""Chad @ 8jqQZhEvdi"" raises to 4",2020-11-26T05:27:28.125Z,160636844812500
"""Steve @ vKtqqQXap1"" calls 2",2020-11-26T05:27:24.691Z,160636844469200
"""Charlie @ aABpeVhrzE"" calls 2",2020-11-26T05:27:12.511Z,160636843251200
"""Ben @ HxeA6HL5ee"" folds",2020-11-26T05:27:06.913Z,160636842691400
"""Chad @ 8jqQZhEvdi"" posts a big blind of 2",2020-11-26T05:27:00.182Z,160636842018608
"""Steve @ vKtqqQXap1"" posts a small blind of 1",2020-11-26T05:27:00.182Z,160636842018607
"Your hand is 5♥, J♣",2020-11-26T05:27:00.182Z,160636842018604
"Player stacks: #2 ""Charlie @ aABpeVhrzE"" (135) | #6 ""Steve @ vKtqqQXap1"" (116) | #7 ""Chad @ 8jqQZhEvdi"" (84) | #10 ""Ben @ HxeA6HL5ee"" (65)",2020-11-26T05:27:00.182Z,160636842018602
"-- starting hand #37  (No Limit Texas Hold'em) (dealer: ""Charlie @ aABpeVhrzE"") --",2020-11-26T05:27:00.182Z,160636842018601
"The player ""Sean @ 6Vj8h9FQMu"" quits the game with a stack of 0.",2020-11-26T05:27:00.182Z,160636842018600
"-- ending hand #36 --",2020-11-26T05:26:35.019Z,160636839502004
"""Sean @ 6Vj8h9FQMu"" shows a J♦, 4♣.",2020-11-26T05:26:35.019Z,160636839502003
"""Charlie @ aABpeVhrzE"" collected 50 from pot with Two Pair, J's & 5's (combination: J♣, J♠, 5♠, 5♥, K♠)",2020-11-26T05:26:35.019Z,160636839502002
"""Charlie @ aABpeVhrzE"" shows a J♣, 5♠.",2020-11-26T05:26:35.019Z,160636839502001
"Uncalled bet of 85 returned to ""Charlie @ aABpeVhrzE""",2020-11-26T05:26:35.019Z,160636839502000
"""Sean @ 6Vj8h9FQMu"" calls 18 and go all in",2020-11-26T05:26:34.202Z,160636839420300
"""Charlie @ aABpeVhrzE"" bets 103 and go all in",2020-11-26T05:26:21.436Z,160636838143700
"river: 4♦, J♠, K♠, 2♦ [5♥]",2020-11-26T05:26:02.446Z,160636836245000
"""Sean @ 6Vj8h9FQMu"" calls 2",2020-11-26T05:26:01.637Z,160636836163700
"""Charlie @ aABpeVhrzE"" bets 2",2020-11-26T05:25:57.281Z,160636835728200
"turn: 4♦, J♠, K♠ [2♦]",2020-11-26T05:25:37.637Z,160636833764100
"""Sean @ 6Vj8h9FQMu"" calls 2",2020-11-26T05:25:36.826Z,160636833682600
"""Steve @ vKtqqQXap1"" folds",2020-11-26T05:25:33.508Z,160636833350900
"""Charlie @ aABpeVhrzE"" bets 2",2020-11-26T05:24:36.235Z,160636827623500
"flop:  [4♦, J♠, K♠]",2020-11-26T05:24:27.480Z,160636826748200
"""Steve @ vKtqqQXap1"" checks",2020-11-26T05:24:26.671Z,160636826667200
"""Charlie @ aABpeVhrzE"" calls 2",2020-11-26T05:24:18.867Z,160636825886800
"""Sean @ 6Vj8h9FQMu"" calls 2",2020-11-26T05:24:15.666Z,160636825566700
"""Ben @ HxeA6HL5ee"" folds",2020-11-26T05:24:10.149Z,160636825015000
"""Chad @ 8jqQZhEvdi"" folds",2020-11-26T05:22:01.373Z,160636812137400
"""Steve @ vKtqqQXap1"" posts a big blind of 2",2020-11-26T05:21:56.843Z,160636811684408
"""Charlie @ aABpeVhrzE"" posts a small blind of 1",2020-11-26T05:21:56.843Z,160636811684407
"Your hand is A♠, 6♦",2020-11-26T05:21:56.843Z,160636811684404
"Player stacks: #1 ""Sean @ 6Vj8h9FQMu"" (24) | #2 ""Charlie @ aABpeVhrzE"" (109) | #6 ""Steve @ vKtqqQXap1"" (118) | #7 ""Chad @ 8jqQZhEvdi"" (84) | #10 ""Ben @ HxeA6HL5ee"" (65)",2020-11-26T05:21:56.843Z,160636811684401
"-- starting hand #36  (No Limit Texas Hold'em) (dealer: ""Sean @ 6Vj8h9FQMu"") --",2020-11-26T05:21:56.843Z,160636811684400
"-- ending hand #35 --",2020-11-26T05:21:49.130Z,160636810913102
"""Charlie @ aABpeVhrzE"" collected 6 from pot",2020-11-26T05:21:49.130Z,160636810913101
"Uncalled bet of 2 returned to ""Charlie @ aABpeVhrzE""",2020-11-26T05:21:49.130Z,160636810913100
"""Sean @ 6Vj8h9FQMu"" folds",2020-11-26T05:21:48.319Z,160636810832000
"""Steve @ vKtqqQXap1"" folds",2020-11-26T05:21:28.882Z,160636808888300
"""Charlie @ aABpeVhrzE"" bets 2",2020-11-26T05:21:00.632Z,160636806063300
"""Sean @ 6Vj8h9FQMu"" checks",2020-11-26T05:20:56.740Z,160636805674100
"flop:  [6♥, 5♥, 2♦]",2020-11-26T05:20:44.680Z,160636804468100
"""Charlie @ aABpeVhrzE"" checks",2020-11-26T05:20:43.868Z,160636804386900
"""Sean @ 6Vj8h9FQMu"" calls 2",2020-11-26T05:20:29.975Z,160636802997500
"""Ben @ HxeA6HL5ee"" folds",2020-11-26T05:19:37.843Z,160636797784400
"""Chad @ 8jqQZhEvdi"" folds",2020-11-26T05:19:37.001Z,160636797700200
"""Steve @ vKtqqQXap1"" calls 2",2020-11-26T05:19:34.159Z,160636797416000
"""Charlie @ aABpeVhrzE"" posts a big blind of 2",2020-11-26T05:19:03.161Z,160636794316308
"""Sean @ 6Vj8h9FQMu"" posts a small blind of 1",2020-11-26T05:19:03.161Z,160636794316307
"Your hand is 6♣, K♦",2020-11-26T05:19:03.161Z,160636794316304
"Player stacks: #1 ""Sean @ 6Vj8h9FQMu"" (26) | #2 ""Charlie @ aABpeVhrzE"" (105) | #6 ""Steve @ vKtqqQXap1"" (120) | #7 ""Chad @ 8jqQZhEvdi"" (84) | #10 ""Ben @ HxeA6HL5ee"" (65)",2020-11-26T05:19:03.161Z,160636794316301
"-- starting hand #35  (No Limit Texas Hold'em) (dealer: ""Ben @ HxeA6HL5ee"") --",2020-11-26T05:19:03.161Z,160636794316300
"-- ending hand #34 --",2020-11-26T05:18:57.929Z,160636793793202
"""Charlie @ aABpeVhrzE"" collected 20 from pot",2020-11-26T05:18:57.929Z,160636793793201
"Uncalled bet of 8 returned to ""Charlie @ aABpeVhrzE""",2020-11-26T05:18:57.929Z,160636793793200
"""Ben @ HxeA6HL5ee"" folds",2020-11-26T05:18:57.115Z,160636793711500
"""Chad @ 8jqQZhEvdi"" folds",2020-11-26T05:18:31.818Z,160636791181800
"""Charlie @ aABpeVhrzE"" bets 8",2020-11-26T05:18:29.900Z,160636790990100
"""Ben @ HxeA6HL5ee"" checks",2020-11-26T05:18:22.808Z,160636790280900
"turn: J♣, 6♥, 8♥ [K♥]",2020-11-26T05:18:17.118Z,160636789712000
"""Ben @ HxeA6HL5ee"" calls 4",2020-11-26T05:18:16.311Z,160636789631400
"""Chad @ 8jqQZhEvdi"" calls 4",2020-11-26T05:18:09.534Z,160636788953500
"""Charlie @ aABpeVhrzE"" raises to 4",2020-11-26T05:17:58.058Z,160636787805800
"""Sean @ 6Vj8h9FQMu"" folds",2020-11-26T05:17:48.547Z,160636786854800
"""Ben @ HxeA6HL5ee"" bets 2",2020-11-26T05:17:36.504Z,160636785650500
"flop:  [J♣, 6♥, 8♥]",2020-11-26T05:17:09.605Z,160636782960600
"""Sean @ 6Vj8h9FQMu"" checks",2020-11-26T05:17:08.800Z,160636782880100
"""Ben @ HxeA6HL5ee"" calls 2",2020-11-26T05:17:07.944Z,160636782794500
"""Chad @ 8jqQZhEvdi"" calls 2",2020-11-26T05:17:01.081Z,160636782108200
"""Steve @ vKtqqQXap1"" folds",2020-11-26T05:16:55.453Z,160636781545400
"""Charlie @ aABpeVhrzE"" calls 2",2020-11-26T05:16:54.603Z,160636781460400
"""Sean @ 6Vj8h9FQMu"" posts a big blind of 2",2020-11-26T05:16:41.105Z,160636780110608
"""Ben @ HxeA6HL5ee"" posts a small blind of 1",2020-11-26T05:16:41.105Z,160636780110607
"Your hand is 8♦, 4♣",2020-11-26T05:16:41.105Z,160636780110604
"Player stacks: #1 ""Sean @ 6Vj8h9FQMu"" (28) | #2 ""Charlie @ aABpeVhrzE"" (91) | #6 ""Steve @ vKtqqQXap1"" (120) | #7 ""Chad @ 8jqQZhEvdi"" (90) | #10 ""Ben @ HxeA6HL5ee"" (71)",2020-11-26T05:16:41.105Z,160636780110601
"-- starting hand #34  (No Limit Texas Hold'em) (dealer: ""Chad @ 8jqQZhEvdi"") --",2020-11-26T05:16:41.105Z,160636780110600
"-- ending hand #33 --",2020-11-26T05:16:28.104Z,160636778810402
"""Ben @ HxeA6HL5ee"" collected 12 from pot",2020-11-26T05:16:28.104Z,160636778810401
"Uncalled bet of 2 returned to ""Ben @ HxeA6HL5ee""",2020-11-26T05:16:28.104Z,160636778810400
"""Charlie @ aABpeVhrzE"" folds",2020-11-26T05:16:27.289Z,160636778728900
"""Ben @ HxeA6HL5ee"" bets 2",2020-11-26T05:16:23.999Z,160636778400000
"turn: Q♣, 3♥, 4♥ [Q♠]",2020-11-26T05:16:19.678Z,160636777968000
"""Chad @ 8jqQZhEvdi"" folds",2020-11-26T05:16:18.873Z,160636777887400
"""Steve @ vKtqqQXap1"" folds",2020-11-26T05:16:13.979Z,160636777398000
"""Charlie @ aABpeVhrzE"" calls 2",2020-11-26T05:15:56.047Z,160636775604800
"""Ben @ HxeA6HL5ee"" bets 2",2020-11-26T05:15:50.801Z,160636775080200
"""Chad @ 8jqQZhEvdi"" checks",2020-11-26T05:15:42.705Z,160636774270600
"flop:  [Q♣, 3♥, 4♥]",2020-11-26T05:15:34.230Z,160636773423200
"""Ben @ HxeA6HL5ee"" checks",2020-11-26T05:15:33.424Z,160636773342500
"""Chad @ 8jqQZhEvdi"" calls 2",2020-11-26T05:15:26.436Z,160636772643700
"""Steve @ vKtqqQXap1"" calls 2",2020-11-26T05:15:23.567Z,160636772356700
"""Charlie @ aABpeVhrzE"" calls 2",2020-11-26T05:15:15.650Z,160636771565100
"""Sean @ 6Vj8h9FQMu"" folds",2020-11-26T05:15:01.602Z,160636770160300
"""Ben @ HxeA6HL5ee"" posts a big blind of 2",2020-11-26T05:14:49.039Z,160636768904008
"""Chad @ 8jqQZhEvdi"" posts a small blind of 1",2020-11-26T05:14:49.039Z,160636768904007
"Your hand is 4♦, 5♠",2020-11-26T05:14:49.039Z,160636768904004
"Player stacks: #1 ""Sean @ 6Vj8h9FQMu"" (28) | #2 ""Charlie @ aABpeVhrzE"" (95) | #6 ""Steve @ vKtqqQXap1"" (122) | #7 ""Chad @ 8jqQZhEvdi"" (92) | #10 ""Ben @ HxeA6HL5ee"" (63)",2020-11-26T05:14:49.039Z,160636768904001
"-- starting hand #33  (No Limit Texas Hold'em) (dealer: ""Steve @ vKtqqQXap1"") --",2020-11-26T05:14:49.039Z,160636768904000
"""Chad @ 8jqQZhEvdi"" shows a 8♠, 8♣.",2020-11-26T05:14:43.183Z,160636768318400
"-- ending hand #32 --",2020-11-26T05:14:40.933Z,160636768093402
"""Chad @ 8jqQZhEvdi"" collected 16 from pot",2020-11-26T05:14:40.933Z,160636768093401
"Uncalled bet of 2 returned to ""Chad @ 8jqQZhEvdi""",2020-11-26T05:14:40.933Z,160636768093400
"""Steve @ vKtqqQXap1"" folds",2020-11-26T05:14:40.128Z,160636768012800
"""Charlie @ aABpeVhrzE"" folds",2020-11-26T05:14:16.144Z,160636765614500
"""Ben @ HxeA6HL5ee"" folds",2020-11-26T05:14:11.937Z,160636765193800
"""Chad @ 8jqQZhEvdi"" bets 2",2020-11-26T05:13:41.528Z,160636762152900
"""Steve @ vKtqqQXap1"" checks",2020-11-26T05:13:39.376Z,160636761937700
"flop:  [4♥, 9♣, A♥]",2020-11-26T05:13:21.238Z,160636760123900
"""Steve @ vKtqqQXap1"" calls 4",2020-11-26T05:13:20.431Z,160636760043200
"""Charlie @ aABpeVhrzE"" calls 4",2020-11-26T05:12:39.080Z,160636755908100
"""Ben @ HxeA6HL5ee"" calls 4",2020-11-26T05:12:35.411Z,160636755541200
"""Chad @ 8jqQZhEvdi"" raises to 4",2020-11-26T05:12:27.472Z,160636754747300
"""Steve @ vKtqqQXap1"" calls 2",2020-11-26T05:12:20.714Z,160636754071400
"""Charlie @ aABpeVhrzE"" calls 2",2020-11-26T05:12:19.858Z,160636753985900
"""Sean @ 6Vj8h9FQMu"" folds",2020-11-26T05:12:16.948Z,160636753694900
"""Ben @ HxeA6HL5ee"" calls 2",2020-11-26T05:12:05.850Z,160636752585100
"""Chad @ 8jqQZhEvdi"" posts a big blind of 2",2020-11-26T05:12:01.313Z,160636752131508
"""Steve @ vKtqqQXap1"" posts a small blind of 1",2020-11-26T05:12:01.313Z,160636752131507
"Your hand is J♠, Q♥",2020-11-26T05:12:01.313Z,160636752131504
"Player stacks: #1 ""Sean @ 6Vj8h9FQMu"" (28) | #2 ""Charlie @ aABpeVhrzE"" (99) | #6 ""Steve @ vKtqqQXap1"" (126) | #7 ""Chad @ 8jqQZhEvdi"" (80) | #10 ""Ben @ HxeA6HL5ee"" (67)",2020-11-26T05:12:01.313Z,160636752131501
"-- starting hand #32  (No Limit Texas Hold'em) (dealer: ""Charlie @ aABpeVhrzE"") --",2020-11-26T05:12:01.313Z,160636752131500
"""Chad @ 8jqQZhEvdi"" shows a J♥, K♠.",2020-11-26T05:11:52.151Z,160636751215100
"-- ending hand #31 --",2020-11-26T05:11:44.047Z,160636750404902
"""Steve @ vKtqqQXap1"" collected 13 from pot with Three of a Kind, 10's (combination: 10♥, 10♦, 10♣, Q♣, 7♣)",2020-11-26T05:11:44.047Z,160636750404901
"""Steve @ vKtqqQXap1"" shows a 7♣, 10♥.",2020-11-26T05:11:44.047Z,160636750404900
"""Chad @ 8jqQZhEvdi"" calls 2",2020-11-26T05:11:43.233Z,160636750323400
"""Steve @ vKtqqQXap1"" bets 2",2020-11-26T05:11:41.463Z,160636750146400
"river: Q♣, 10♦, 3♥, 4♠ [10♣]",2020-11-26T05:11:38.664Z,160636749866700
"""Chad @ 8jqQZhEvdi"" checks",2020-11-26T05:11:37.858Z,160636749785900
"""Steve @ vKtqqQXap1"" checks",2020-11-26T05:11:36.150Z,160636749615100
"turn: Q♣, 10♦, 3♥ [4♠]",2020-11-26T05:11:28.093Z,160636748809400
"""Steve @ vKtqqQXap1"" calls 2",2020-11-26T05:11:27.283Z,160636748728400
"""Chad @ 8jqQZhEvdi"" bets 2",2020-11-26T05:11:23.229Z,160636748323000
"""Steve @ vKtqqQXap1"" checks",2020-11-26T05:11:20.144Z,160636748014400
"flop:  [Q♣, 10♦, 3♥]",2020-11-26T05:10:49.415Z,160636744941600
"""Steve @ vKtqqQXap1"" checks",2020-11-26T05:10:48.608Z,160636744860900
"""Charlie @ aABpeVhrzE"" folds",2020-11-26T05:10:44.043Z,160636744404300
"""Sean @ 6Vj8h9FQMu"" folds",2020-11-26T05:10:33.448Z,160636743344900
"""Ben @ HxeA6HL5ee"" folds",2020-11-26T05:10:30.955Z,160636743095600
"""Chad @ 8jqQZhEvdi"" calls 2",2020-11-26T05:10:22.100Z,160636742210100
"""Steve @ vKtqqQXap1"" posts a big blind of 2",2020-11-26T05:10:18.636Z,160636741863708
"""Charlie @ aABpeVhrzE"" posts a small blind of 1",2020-11-26T05:10:18.636Z,160636741863707
"Your hand is 7♣, 10♥",2020-11-26T05:10:18.636Z,160636741863704
"Player stacks: #1 ""Sean @ 6Vj8h9FQMu"" (28) | #2 ""Charlie @ aABpeVhrzE"" (100) | #6 ""Steve @ vKtqqQXap1"" (119) | #7 ""Chad @ 8jqQZhEvdi"" (86) | #10 ""Ben @ HxeA6HL5ee"" (67)",2020-11-26T05:10:18.636Z,160636741863701
"-- starting hand #31  (No Limit Texas Hold'em) (dealer: ""Sean @ 6Vj8h9FQMu"") --",2020-11-26T05:10:18.636Z,160636741863700
"-- ending hand #30 --",2020-11-26T05:10:08.099Z,160636740810102
"""Charlie @ aABpeVhrzE"" collected 36 from pot with Full House, K's over 10's (combination: K♣, K♦, K♥, 10♥, 10♣)",2020-11-26T05:10:08.099Z,160636740810101
"""Charlie @ aABpeVhrzE"" shows a K♣, 10♥.",2020-11-26T05:10:08.099Z,160636740810100
"""Sean @ 6Vj8h9FQMu"" calls 2",2020-11-26T05:10:07.293Z,160636740729400
"""Ben @ HxeA6HL5ee"" calls 2",2020-11-26T05:10:02.275Z,160636740229300
"""Charlie @ aABpeVhrzE"" bets 2",2020-11-26T05:09:59.102Z,160636739910300
"""Sean @ 6Vj8h9FQMu"" checks",2020-11-26T05:09:47.642Z,160636738764200
"river: K♦, K♥, 8♣, 10♣ [3♦]",2020-11-26T05:07:56.035Z,160636727603900
"""Sean @ 6Vj8h9FQMu"" calls 4",2020-11-26T05:07:55.220Z,160636727522100
"""Ben @ HxeA6HL5ee"" calls 4",2020-11-26T05:07:51.740Z,160636727174100
"""Chad @ 8jqQZhEvdi"" folds",2020-11-26T05:07:25.159Z,160636724516000
"""Charlie @ aABpeVhrzE"" raises to 4",2020-11-26T05:07:21.964Z,160636724196400
"""Sean @ 6Vj8h9FQMu"" bets 2",2020-11-26T05:07:13.325Z,160636723332600
"turn: K♦, K♥, 8♣ [10♣]",2020-11-26T05:06:50.641Z,160636721064600
"""Ben @ HxeA6HL5ee"" calls 2",2020-11-26T05:06:49.820Z,160636720983600
"""Chad @ 8jqQZhEvdi"" calls 2",2020-11-26T05:06:39.923Z,160636719992400
"""Steve @ vKtqqQXap1"" folds",2020-11-26T05:06:39.038Z,160636719903900
"""Charlie @ aABpeVhrzE"" calls 2",2020-11-26T05:05:06.818Z,160636710681900
"""Sean @ 6Vj8h9FQMu"" bets 2",2020-11-26T05:04:56.384Z,160636709638500
"flop:  [K♦, K♥, 8♣]",2020-11-26T05:04:42.430Z,160636708243200
"""Charlie @ aABpeVhrzE"" checks",2020-11-26T05:04:41.626Z,160636708162700
"""Sean @ 6Vj8h9FQMu"" calls 2",2020-11-26T05:04:39.411Z,160636707941200
"""Ben @ HxeA6HL5ee"" calls 2",2020-11-26T05:04:34.151Z,160636707415200
"""Chad @ 8jqQZhEvdi"" calls 2",2020-11-26T05:04:31.987Z,160636707198700
"""Steve @ vKtqqQXap1"" calls 2",2020-11-26T05:04:27.747Z,160636706774800
"""Charlie @ aABpeVhrzE"" posts a big blind of 2",2020-11-26T05:04:21.647Z,160636706164808
"""Sean @ 6Vj8h9FQMu"" posts a small blind of 1",2020-11-26T05:04:21.647Z,160636706164807
"Your hand is Q♦, 7♦",2020-11-26T05:04:21.647Z,160636706164804
"Player stacks: #1 ""Sean @ 6Vj8h9FQMu"" (38) | #2 ""Charlie @ aABpeVhrzE"" (74) | #6 ""Steve @ vKtqqQXap1"" (121) | #7 ""Chad @ 8jqQZhEvdi"" (90) | #10 ""Ben @ HxeA6HL5ee"" (77)",2020-11-26T05:04:21.647Z,160636706164801
"-- starting hand #30  (No Limit Texas Hold'em) (dealer: ""Ben @ HxeA6HL5ee"") --",2020-11-26T05:04:21.647Z,160636706164800
"-- ending hand #29 --",2020-11-26T05:04:07.877Z,160636704787803
"""Sean @ 6Vj8h9FQMu"" shows a 8♠, 5♥.",2020-11-26T05:04:07.877Z,160636704787802
"""Steve @ vKtqqQXap1"" collected 19 from pot with Pair, A's (combination: A♣, A♦, K♥, 10♠, 5♦)",2020-11-26T05:04:07.877Z,160636704787801
"""Steve @ vKtqqQXap1"" shows a A♣, 2♠.",2020-11-26T05:04:07.877Z,160636704787800
"""Steve @ vKtqqQXap1"" calls 2",2020-11-26T05:04:07.058Z,160636704705800
"""Sean @ 6Vj8h9FQMu"" bets 2",2020-11-26T05:04:04.650Z,160636704465500
"river: 10♠, 5♦, A♦, 3♠ [K♥]",2020-11-26T05:03:57.726Z,160636703772800
"""Steve @ vKtqqQXap1"" calls 2",2020-11-26T05:03:56.918Z,160636703691900
"""Sean @ 6Vj8h9FQMu"" bets 2",2020-11-26T05:03:48.568Z,160636702856800
"turn: 10♠, 5♦, A♦ [3♠]",2020-11-26T05:03:43.589Z,160636702359100
"""Sean @ 6Vj8h9FQMu"" calls 2",2020-11-26T05:03:42.784Z,160636702278500
"""Chad @ 8jqQZhEvdi"" folds",2020-11-26T05:03:36.736Z,160636701673600
"""Steve @ vKtqqQXap1"" bets 2",2020-11-26T05:03:24.045Z,160636700404600
"""Sean @ 6Vj8h9FQMu"" checks",2020-11-26T05:03:14.325Z,160636699432600
"flop:  [10♠, 5♦, A♦]",2020-11-26T05:03:02.351Z,160636698235200
"""Sean @ 6Vj8h9FQMu"" checks",2020-11-26T05:03:01.545Z,160636698154600
"""Ben @ HxeA6HL5ee"" folds",2020-11-26T05:02:55.217Z,160636697521800
"""Chad @ 8jqQZhEvdi"" calls 2",2020-11-26T05:02:49.122Z,160636696912200
"""Steve @ vKtqqQXap1"" calls 2",2020-11-26T05:02:32.227Z,160636695222700
"""Charlie @ aABpeVhrzE"" folds",2020-11-26T05:02:31.351Z,160636695135900
"""Sean @ 6Vj8h9FQMu"" posts a big blind of 2",2020-11-26T05:02:23.426Z,160636694342608
"""Ben @ HxeA6HL5ee"" posts a small blind of 1",2020-11-26T05:02:23.426Z,160636694342607
"Your hand is A♣, 2♠",2020-11-26T05:02:23.426Z,160636694342604
"Player stacks: #1 ""Sean @ 6Vj8h9FQMu"" (46) | #2 ""Charlie @ aABpeVhrzE"" (74) | #6 ""Steve @ vKtqqQXap1"" (110) | #7 ""Chad @ 8jqQZhEvdi"" (92) | #10 ""Ben @ HxeA6HL5ee"" (78)",2020-11-26T05:02:23.426Z,160636694342601
"-- starting hand #29  (No Limit Texas Hold'em) (dealer: ""Chad @ 8jqQZhEvdi"") --",2020-11-26T05:02:23.426Z,160636694342600
"-- ending hand #28 --",2020-11-26T05:02:06.245Z,160636692624604
"""Ben @ HxeA6HL5ee"" collected 11 from pot with Straight, 6 High (combination: 6♣, 5♦, 4♥, 3♠, 2♥)",2020-11-26T05:02:06.245Z,160636692624603
"""Ben @ HxeA6HL5ee"" shows a 5♦, 6♣.",2020-11-26T05:02:06.245Z,160636692624602
"""Chad @ 8jqQZhEvdi"" collected 11 from pot with Straight, 6 High (combination: 6♠, 5♠, 4♥, 3♠, 2♥)",2020-11-26T05:02:06.245Z,160636692624601
"""Chad @ 8jqQZhEvdi"" shows a 5♠, 6♠.",2020-11-26T05:02:06.245Z,160636692624600
"""Ben @ HxeA6HL5ee"" calls 4",2020-11-26T05:02:05.416Z,160636692542400
"""Chad @ 8jqQZhEvdi"" bets 4",2020-11-26T05:01:54.167Z,160636691417000
"river: 3♠, 10♥, 4♥, J♠ [2♥]",2020-11-26T05:01:38.060Z,160636689806300
"""Chad @ 8jqQZhEvdi"" calls 2",2020-11-26T05:01:37.255Z,160636689725600
"""Ben @ HxeA6HL5ee"" bets 2",2020-11-26T05:01:32.847Z,160636689284800
"""Chad @ 8jqQZhEvdi"" checks",2020-11-26T05:00:58.330Z,160636685833100
"turn: 3♠, 10♥, 4♥ [J♠]",2020-11-26T05:00:53.283Z,160636685328500
"""Chad @ 8jqQZhEvdi"" calls 2",2020-11-26T05:00:52.476Z,160636685247700
"""Charlie @ aABpeVhrzE"" folds",2020-11-26T05:00:47.961Z,160636684796100
"""Ben @ HxeA6HL5ee"" bets 2",2020-11-26T05:00:35.181Z,160636683518200
"""Chad @ 8jqQZhEvdi"" checks",2020-11-26T04:59:40.216Z,160636678021900
"flop:  [3♠, 10♥, 4♥]",2020-11-26T04:59:09.916Z,160636674991700
"""Ben @ HxeA6HL5ee"" checks",2020-11-26T04:59:09.111Z,160636674911200
"""Chad @ 8jqQZhEvdi"" calls 2",2020-11-26T04:59:02.145Z,160636674215200
"""Steve @ vKtqqQXap1"" folds",2020-11-26T04:58:59.723Z,160636673972400
"""Charlie @ aABpeVhrzE"" calls 2",2020-11-26T04:58:47.198Z,160636672719900
"""Sean @ 6Vj8h9FQMu"" folds",2020-11-26T04:58:34.078Z,160636671407900
"""Ben @ HxeA6HL5ee"" posts a big blind of 2",2020-11-26T04:58:19.071Z,160636669907308
"""Chad @ 8jqQZhEvdi"" posts a small blind of 1",2020-11-26T04:58:19.071Z,160636669907307
"Your hand is 5♥, 4♠",2020-11-26T04:58:19.071Z,160636669907304
"Player stacks: #1 ""Sean @ 6Vj8h9FQMu"" (46) | #2 ""Charlie @ aABpeVhrzE"" (76) | #6 ""Steve @ vKtqqQXap1"" (110) | #7 ""Chad @ 8jqQZhEvdi"" (91) | #10 ""Ben @ HxeA6HL5ee"" (77)",2020-11-26T04:58:19.071Z,160636669907301
"-- starting hand #28  (No Limit Texas Hold'em) (dealer: ""Steve @ vKtqqQXap1"") --",2020-11-26T04:58:19.071Z,160636669907200
"-- ending hand #27 --",2020-11-26T04:58:11.318Z,160636669131903
"""Sean @ 6Vj8h9FQMu"" shows a 5♣, J♠.",2020-11-26T04:58:11.318Z,160636669131902
"""Chad @ 8jqQZhEvdi"" collected 41 from pot with Two Pair, J's & 8's (combination: J♦, J♥, 8♦, 8♥, K♣)",2020-11-26T04:58:11.318Z,160636669131901
"""Chad @ 8jqQZhEvdi"" shows a 8♦, J♦.",2020-11-26T04:58:11.318Z,160636669131900
"""Chad @ 8jqQZhEvdi"" calls 8",2020-11-26T04:58:10.495Z,160636669049600
"""Sean @ 6Vj8h9FQMu"" bets 8",2020-11-26T04:58:07.232Z,160636668723300
"""Chad @ 8jqQZhEvdi"" checks",2020-11-26T04:57:59.146Z,160636667914600
"river: J♥, 8♥, 5♠, 6♠ [K♣]",2020-11-26T04:57:49.656Z,160636666965900
"""Chad @ 8jqQZhEvdi"" calls 4",2020-11-26T04:57:48.851Z,160636666885200
"""Steve @ vKtqqQXap1"" folds",2020-11-26T04:57:46.044Z,160636666604500
"""Sean @ 6Vj8h9FQMu"" raises to 4",2020-11-26T04:57:37.485Z,160636665748600
"""Chad @ 8jqQZhEvdi"" bets 2",2020-11-26T04:57:29.170Z,160636664917100
"""Steve @ vKtqqQXap1"" checks",2020-11-26T04:57:27.348Z,160636664734900
"turn: J♥, 8♥, 5♠ [6♠]",2020-11-26T04:57:20.178Z,160636664018000
"""Steve @ vKtqqQXap1"" calls 2",2020-11-26T04:57:19.372Z,160636663937300
"""Charlie @ aABpeVhrzE"" folds",2020-11-26T04:57:03.245Z,160636662324600
"""Sean @ 6Vj8h9FQMu"" calls 2",2020-11-26T04:56:53.565Z,160636661356600
"""Ben @ HxeA6HL5ee"" folds",2020-11-26T04:56:49.624Z,160636660962400
"""Chad @ 8jqQZhEvdi"" bets 2",2020-11-26T04:56:44.962Z,160636660496300
"""Steve @ vKtqqQXap1"" checks",2020-11-26T04:56:42.288Z,160636660228900
"flop:  [J♥, 8♥, 5♠]",2020-11-26T04:56:34.433Z,160636659443700
"""Chad @ 8jqQZhEvdi"" checks",2020-11-26T04:56:33.628Z,160636659362900
"""Steve @ vKtqqQXap1"" calls 2",2020-11-26T04:56:29.622Z,160636658962400
"""Charlie @ aABpeVhrzE"" calls 2",2020-11-26T04:56:20.102Z,160636658010300
"""Sean @ 6Vj8h9FQMu"" calls 2",2020-11-26T04:55:54.498Z,160636655449800
"""Ben @ HxeA6HL5ee"" calls 2",2020-11-26T04:55:36.016Z,160636653601700
"""Ben @ HxeA6HL5ee"" posts a missing small blind of 1",2020-11-26T04:55:13.521Z,160636651352711
"""Chad @ 8jqQZhEvdi"" posts a big blind of 2",2020-11-26T04:55:13.521Z,160636651352710
"""Steve @ vKtqqQXap1"" posts a small blind of 1",2020-11-26T04:55:13.521Z,160636651352709
"Your hand is Q♣, 3♥",2020-11-26T04:55:13.521Z,160636651352706
"Player stacks: #1 ""Sean @ 6Vj8h9FQMu"" (62) | #2 ""Charlie @ aABpeVhrzE"" (78) | #6 ""Steve @ vKtqqQXap1"" (114) | #7 ""Chad @ 8jqQZhEvdi"" (66) | #10 ""Ben @ HxeA6HL5ee"" (80)",2020-11-26T04:55:13.521Z,160636651352703
"-- starting hand #27  (No Limit Texas Hold'em) (dealer: ""Charlie @ aABpeVhrzE"") --",2020-11-26T04:55:13.521Z,160636651352702
"The player ""Ben @ HxeA6HL5ee"" joined the game with a stack of 80.",2020-11-26T04:55:13.521Z,160636651352701
"The player ""Sean @ 6Vj8h9FQMu"" joined the game with a stack of 62.",2020-11-26T04:55:13.521Z,160636651352700
"-- ending hand #26 --",2020-11-26T04:55:09.219Z,160636650922002
"""Steve @ vKtqqQXap1"" collected 2 from pot",2020-11-26T04:55:09.219Z,160636650922001
"Uncalled bet of 1 returned to ""Steve @ vKtqqQXap1""",2020-11-26T04:55:09.219Z,160636650922000
"""Charlie @ aABpeVhrzE"" folds",2020-11-26T04:55:08.412Z,160636650841200
"""Chad @ 8jqQZhEvdi"" folds",2020-11-26T04:55:07.606Z,160636650760700
"""Steve @ vKtqqQXap1"" posts a big blind of 2",2020-11-26T04:55:00.651Z,160636650065206
"""Charlie @ aABpeVhrzE"" posts a small blind of 1",2020-11-26T04:55:00.651Z,160636650065205
"Your hand is 6♥, 6♣",2020-11-26T04:55:00.651Z,160636650065203
"Player stacks: #1 ""Sean @ 6Vj8h9FQMu"" (62) | #2 ""Charlie @ aABpeVhrzE"" (79) | #6 ""Steve @ vKtqqQXap1"" (113) | #7 ""Chad @ 8jqQZhEvdi"" (66) | #10 ""Ben @ HxeA6HL5ee"" (80)",2020-11-26T04:55:00.651Z,160636650065201
"-- starting hand #26  (No Limit Texas Hold'em) (dead button) --",2020-11-26T04:55:00.651Z,160636650065200
"""Chad @ 8jqQZhEvdi"" shows a Q♠, Q♦.",2020-11-26T04:54:58.756Z,160636649875700
"-- ending hand #25 --",2020-11-26T04:54:57.440Z,160636649744102
"""Chad @ 8jqQZhEvdi"" collected 28 from pot",2020-11-26T04:54:57.440Z,160636649744101
"Uncalled bet of 6 returned to ""Chad @ 8jqQZhEvdi""",2020-11-26T04:54:57.440Z,160636649744100
"""Charlie @ aABpeVhrzE"" folds",2020-11-26T04:54:56.628Z,160636649662800
"""Chad @ 8jqQZhEvdi"" raises to 12",2020-11-26T04:54:53.036Z,160636649303700
"""Charlie @ aABpeVhrzE"" bets 6",2020-11-26T04:54:45.506Z,160636648550600
"river: 5♠, 9♦, 6♣, 4♦ [5♣]",2020-11-26T04:54:29.318Z,160636646932500
"""Charlie @ aABpeVhrzE"" calls 2",2020-11-26T04:54:28.513Z,160636646851400
"""Chad @ 8jqQZhEvdi"" bets 2",2020-11-26T04:54:25.228Z,160636646522900
"""Charlie @ aABpeVhrzE"" checks",2020-11-26T04:54:23.207Z,160636646320800
"turn: 5♠, 9♦, 6♣ [4♦]",2020-11-26T04:53:55.633Z,160636643563500
"""Charlie @ aABpeVhrzE"" calls 2",2020-11-26T04:53:54.828Z,160636643482900
"""Chad @ 8jqQZhEvdi"" bets 2",2020-11-26T04:53:50.496Z,160636643049700
"""Charlie @ aABpeVhrzE"" checks",2020-11-26T04:53:46.880Z,160636642688100
"flop:  [5♠, 9♦, 6♣]",2020-11-26T04:53:41.584Z,160636642158500
"""Charlie @ aABpeVhrzE"" calls 4",2020-11-26T04:53:40.773Z,160636642077400
"The player ""Sean @ 6Vj8h9FQMu"" sit back with the stack of 62.",2020-11-26T04:51:41.254Z,160636630125400
"""Chad @ 8jqQZhEvdi"" raises to 4",2020-11-26T04:50:24.766Z,160636622476700
"""Steve @ vKtqqQXap1"" folds",2020-11-26T04:49:35.994Z,160636617599500
"""Charlie @ aABpeVhrzE"" posts a big blind of 2",2020-11-26T04:49:14.828Z,160636615482907
"Dead Small Blind",2020-11-26T04:49:14.828Z,160636615482906
"Your hand is 4♣, 6♥",2020-11-26T04:49:14.828Z,160636615482904
"Player stacks: #2 ""Charlie @ aABpeVhrzE"" (93) | #6 ""Steve @ vKtqqQXap1"" (113) | #7 ""Chad @ 8jqQZhEvdi"" (52) | #10 ""Ben @ HxeA6HL5ee"" (80)",2020-11-26T04:49:14.828Z,160636615482902
"-- starting hand #25  (No Limit Texas Hold'em) (dealer: ""Chad @ 8jqQZhEvdi"") --",2020-11-26T04:49:14.828Z,160636615482901
"The player ""Sean @ 6Vj8h9FQMu"" stand up with the stack of 62.",2020-11-26T04:49:14.828Z,160636615482900
"The admin approved the player ""Ben @ HxeA6HL5ee"" participation with a stack of 80.",2020-11-26T04:48:54.843Z,160636613484500
"The player ""Ben @ HxeA6HL5ee"" requested a seat.",2020-11-26T04:48:50.390Z,160636613039000
"-- ending hand #24 --",2020-11-26T04:46:42.893Z,160636600289402
"""Charlie @ aABpeVhrzE"" collected 6 from pot",2020-11-26T04:46:42.893Z,160636600289401
"Uncalled bet of 2 returned to ""Charlie @ aABpeVhrzE""",2020-11-26T04:46:42.893Z,160636600289400
"""Sean @ 6Vj8h9FQMu"" folds",2020-11-26T04:46:42.085Z,160636600208600
"""Chad @ 8jqQZhEvdi"" folds",2020-11-26T04:46:16.362Z,160636597636300
"""Charlie @ aABpeVhrzE"" bets 2",2020-11-26T04:45:12.246Z,160636591224600
"""Sean @ 6Vj8h9FQMu"" checks",2020-11-26T04:45:06.060Z,160636590606000
"""Chad @ 8jqQZhEvdi"" checks",2020-11-26T04:43:34.299Z,160636581430000
"flop:  [3♠, 4♥, K♣]",2020-11-26T04:43:12.274Z,160636579227500
"""Sean @ 6Vj8h9FQMu"" checks",2020-11-26T04:43:11.465Z,160636579146600
"""Chad @ 8jqQZhEvdi"" calls 2",2020-11-26T04:43:00.851Z,160636578085200
"""Steve @ vKtqqQXap1"" folds",2020-11-26T04:42:52.578Z,160636577257900
"""Charlie @ aABpeVhrzE"" calls 2",2020-11-26T04:42:49.096Z,160636576909600
"""Sean @ 6Vj8h9FQMu"" posts a big blind of 2",2020-11-26T04:42:46.725Z,160636576672607
"""Chad @ 8jqQZhEvdi"" posts a small blind of 1",2020-11-26T04:42:46.725Z,160636576672606
"Your hand is 6♦, 2♣",2020-11-26T04:42:46.725Z,160636576672604
"Player stacks: #1 ""Sean @ 6Vj8h9FQMu"" (64) | #2 ""Charlie @ aABpeVhrzE"" (89) | #6 ""Steve @ vKtqqQXap1"" (113) | #7 ""Chad @ 8jqQZhEvdi"" (54)",2020-11-26T04:42:46.725Z,160636576672601
"-- starting hand #24  (No Limit Texas Hold'em) (dealer: ""Steve @ vKtqqQXap1"") --",2020-11-26T04:42:46.725Z,160636576672600
"""Sean @ 6Vj8h9FQMu"" shows a A♣, 5♦.",2020-11-26T04:42:38.855Z,160636575885500
"""Steve @ vKtqqQXap1"" shows a 7♣, 2♣.",2020-11-26T04:42:37.766Z,160636575776700
"""Charlie @ aABpeVhrzE"" shows a Q♦, 2♠.",2020-11-26T04:42:33.882Z,160636575388200
"""Chad @ 8jqQZhEvdi"" shows a 3♦, 3♠.",2020-11-26T04:42:27.584Z,160636574758400
"-- ending hand #23 --",2020-11-26T04:42:18.763Z,160636573876402
"""Steve @ vKtqqQXap1"" collected 20 from pot",2020-11-26T04:42:18.763Z,160636573876401
"Uncalled bet of 10 returned to ""Steve @ vKtqqQXap1""",2020-11-26T04:42:18.763Z,160636573876400
"""Chad @ 8jqQZhEvdi"" folds",2020-11-26T04:42:17.951Z,160636573795200
"""Steve @ vKtqqQXap1"" raises to 12",2020-11-26T04:42:07.284Z,160636572728400
"""Charlie @ aABpeVhrzE"" folds",2020-11-26T04:41:35.773Z,160636569577400
"""Sean @ 6Vj8h9FQMu"" folds",2020-11-26T04:41:27.592Z,160636568759200
"""Chad @ 8jqQZhEvdi"" bets 2",2020-11-26T04:41:15.422Z,160636567542200
"""Steve @ vKtqqQXap1"" checks",2020-11-26T04:41:12.029Z,160636567203000
"turn: 3♣, 4♣, 8♥ [J♣]",2020-11-26T04:41:00.053Z,160636566005500
"""Steve @ vKtqqQXap1"" calls 2",2020-11-26T04:40:59.248Z,160636565924900
"""Charlie @ aABpeVhrzE"" calls 2",2020-11-26T04:40:58.392Z,160636565839300
"""Sean @ 6Vj8h9FQMu"" calls 2",2020-11-26T04:40:53.511Z,160636565351100
"""Chad @ 8jqQZhEvdi"" bets 2",2020-11-26T04:40:41.560Z,160636564156000
"""Steve @ vKtqqQXap1"" checks",2020-11-26T04:40:29.340Z,160636562934000
"flop:  [3♣, 4♣, 8♥]",2020-11-26T04:40:18.842Z,160636561884300
"""Chad @ 8jqQZhEvdi"" calls 2",2020-11-26T04:40:18.022Z,160636561803100
"""Steve @ vKtqqQXap1"" calls 2",2020-11-26T04:40:12.855Z,160636561285600
"""Charlie @ aABpeVhrzE"" calls 2",2020-11-26T04:40:12.001Z,160636561200200
"""Sean @ 6Vj8h9FQMu"" calls 2",2020-11-26T04:40:08.689Z,160636560868900
"""Chad @ 8jqQZhEvdi"" posts a big blind of 2",2020-11-26T04:39:59.066Z,160636559906707
"""Steve @ vKtqqQXap1"" posts a small blind of 1",2020-11-26T04:39:59.066Z,160636559906706
"Your hand is 7♣, 2♣",2020-11-26T04:39:59.066Z,160636559906704
"Player stacks: #1 ""Sean @ 6Vj8h9FQMu"" (68) | #2 ""Charlie @ aABpeVhrzE"" (93) | #6 ""Steve @ vKtqqQXap1"" (99) | #7 ""Chad @ 8jqQZhEvdi"" (60)",2020-11-26T04:39:59.066Z,160636559906701
"-- starting hand #23  (No Limit Texas Hold'em) (dealer: ""Charlie @ aABpeVhrzE"") --",2020-11-26T04:39:59.066Z,160636559906700
"""Chad @ 8jqQZhEvdi"" shows a 6♠, J♣.",2020-11-26T04:39:56.860Z,160636559686000
"-- ending hand #22 --",2020-11-26T04:39:52.087Z,160636559208802
"""Sean @ 6Vj8h9FQMu"" collected 6 from pot",2020-11-26T04:39:52.087Z,160636559208801
"Uncalled bet of 2 returned to ""Sean @ 6Vj8h9FQMu""",2020-11-26T04:39:52.087Z,160636559208800
"""Steve @ vKtqqQXap1"" folds",2020-11-26T04:39:51.277Z,160636559127800
"""Charlie @ aABpeVhrzE"" folds",2020-11-26T04:39:31.742Z,160636557174400
"""Sean @ 6Vj8h9FQMu"" bets 2",2020-11-26T04:39:16.984Z,160636555698500
"""Steve @ vKtqqQXap1"" checks",2020-11-26T04:39:09.725Z,160636554972600
"""Charlie @ aABpeVhrzE"" checks",2020-11-26T04:38:43.384Z,160636552338400
"flop:  [10♠, 2♣, 4♦]",2020-11-26T04:38:30.533Z,160636551053400
"""Steve @ vKtqqQXap1"" checks",2020-11-26T04:38:29.718Z,160636550971900
"""Charlie @ aABpeVhrzE"" calls 2",2020-11-26T04:37:51.280Z,160636547128100
"""Sean @ 6Vj8h9FQMu"" calls 2",2020-11-26T04:37:31.235Z,160636545123600
"""Chad @ 8jqQZhEvdi"" folds",2020-11-26T04:37:23.869Z,160636544387000
"""Steve @ vKtqqQXap1"" posts a big blind of 2",2020-11-26T04:37:14.992Z,160636543499307
"""Charlie @ aABpeVhrzE"" posts a small blind of 1",2020-11-26T04:37:14.992Z,160636543499306
"Your hand is 7♣, K♦",2020-11-26T04:37:14.992Z,160636543499304
"Player stacks: #1 ""Sean @ 6Vj8h9FQMu"" (64) | #2 ""Charlie @ aABpeVhrzE"" (95) | #6 ""Steve @ vKtqqQXap1"" (101) | #7 ""Chad @ 8jqQZhEvdi"" (60)",2020-11-26T04:37:14.992Z,160636543499301
"-- starting hand #22  (No Limit Texas Hold'em) (dealer: ""Sean @ 6Vj8h9FQMu"") --",2020-11-26T04:37:14.992Z,160636543499300
"""Chad @ 8jqQZhEvdi"" shows a J♠, 9♥.",2020-11-26T04:37:09.611Z,160636542961200
"-- ending hand #21 --",2020-11-26T04:37:07.248Z,160636542724802
"""Chad @ 8jqQZhEvdi"" collected 14 from pot",2020-11-26T04:37:07.248Z,160636542724801
"Uncalled bet of 2 returned to ""Chad @ 8jqQZhEvdi""",2020-11-26T04:37:07.248Z,160636542724800
"""Charlie @ aABpeVhrzE"" folds",2020-11-26T04:37:06.443Z,160636542644400
"""Sean @ 6Vj8h9FQMu"" folds",2020-11-26T04:37:04.200Z,160636542420100
"""Chad @ 8jqQZhEvdi"" bets 2",2020-11-26T04:36:58.489Z,160636541849000
"""Charlie @ aABpeVhrzE"" checks",2020-11-26T04:36:55.325Z,160636541532600
"""Sean @ 6Vj8h9FQMu"" checks",2020-11-26T04:36:32.955Z,160636539295600
"turn: 9♣, 3♥, 7♣ [3♦]",2020-11-26T04:36:16.591Z,160636537659500
"""Chad @ 8jqQZhEvdi"" calls 2",2020-11-26T04:36:15.784Z,160636537578500
"""Steve @ vKtqqQXap1"" folds",2020-11-26T04:36:12.592Z,160636537259300
"""Charlie @ aABpeVhrzE"" calls 2",2020-11-26T04:35:47.708Z,160636534770900
"""Sean @ 6Vj8h9FQMu"" bets 2",2020-11-26T04:35:39.602Z,160636533960300
"flop:  [9♣, 3♥, 7♣]",2020-11-26T04:35:03.075Z,160636530308000
"""Charlie @ aABpeVhrzE"" checks",2020-11-26T04:35:02.232Z,160636530223500
"""Sean @ 6Vj8h9FQMu"" calls 2",2020-11-26T04:34:52.378Z,160636529237900
"""Chad @ 8jqQZhEvdi"" calls 2",2020-11-26T04:34:51.514Z,160636529151500
"""Steve @ vKtqqQXap1"" calls 2",2020-11-26T04:34:20.604Z,160636526060500
"""Charlie @ aABpeVhrzE"" posts a big blind of 2",2020-11-26T04:34:10.606Z,160636525060707
"""Sean @ 6Vj8h9FQMu"" posts a small blind of 1",2020-11-26T04:34:10.606Z,160636525060706
"Your hand is Q♥, 5♠",2020-11-26T04:34:10.606Z,160636525060704
"Player stacks: #1 ""Sean @ 6Vj8h9FQMu"" (68) | #2 ""Charlie @ aABpeVhrzE"" (99) | #6 ""Steve @ vKtqqQXap1"" (103) | #7 ""Chad @ 8jqQZhEvdi"" (50)",2020-11-26T04:34:10.606Z,160636525060701
"-- starting hand #21  (No Limit Texas Hold'em) (dealer: ""Chad @ 8jqQZhEvdi"") --",2020-11-26T04:34:10.606Z,160636525060700
"-- ending hand #20 --",2020-11-26T04:34:05.689Z,160636524569002
"""Sean @ 6Vj8h9FQMu"" collected 32 from pot with Straight, 10 High (combination: 10♠, 9♣, 8♣, 7♠, 6♥)",2020-11-26T04:34:05.689Z,160636524569001
"""Sean @ 6Vj8h9FQMu"" shows a 7♠, 5♦.",2020-11-26T04:34:05.689Z,160636524569000
"""Chad @ 8jqQZhEvdi"" calls 6",2020-11-26T04:34:04.879Z,160636524488000
"""Sean @ 6Vj8h9FQMu"" bets 6",2020-11-26T04:34:01.225Z,160636524122600
"""Chad @ 8jqQZhEvdi"" checks",2020-11-26T04:33:44.487Z,160636522448800
"river: 9♣, 10♠, 5♣, 6♥ [8♣]",2020-11-26T04:33:35.086Z,160636521509400
"""Charlie @ aABpeVhrzE"" folds",2020-11-26T04:33:34.282Z,160636521428200
"""Sean @ 6Vj8h9FQMu"" calls 4",2020-11-26T04:33:09.839Z,160636518984000
"""Chad @ 8jqQZhEvdi"" bets 4",2020-11-26T04:32:47.778Z,160636516777900
"turn: 9♣, 10♠, 5♣ [6♥]",2020-11-26T04:32:36.776Z,160636515678000
"""Charlie @ aABpeVhrzE"" calls 2",2020-11-26T04:32:35.970Z,160636515597100
"""Sean @ 6Vj8h9FQMu"" calls 2",2020-11-26T04:32:26.189Z,160636514619000
"""Chad @ 8jqQZhEvdi"" bets 2",2020-11-26T04:32:17.819Z,160636513782000
"flop:  [9♣, 10♠, 5♣]",2020-11-26T04:31:57.185Z,160636511718600
"""Sean @ 6Vj8h9FQMu"" checks",2020-11-26T04:31:56.378Z,160636511637900
"""Chad @ 8jqQZhEvdi"" calls 2",2020-11-26T04:31:15.434Z,160636507543500
"""Steve @ vKtqqQXap1"" folds",2020-11-26T04:31:12.784Z,160636507278500
"""Charlie @ aABpeVhrzE"" calls 2",2020-11-26T04:31:11.924Z,160636507192500
"""Sean @ 6Vj8h9FQMu"" posts a big blind of 2",2020-11-26T04:31:02.279Z,160636506228007
"""Chad @ 8jqQZhEvdi"" posts a small blind of 1",2020-11-26T04:31:02.279Z,160636506228006
"Your hand is 6♦, J♥",2020-11-26T04:31:02.279Z,160636506228004
"Player stacks: #1 ""Sean @ 6Vj8h9FQMu"" (50) | #2 ""Charlie @ aABpeVhrzE"" (103) | #6 ""Steve @ vKtqqQXap1"" (103) | #7 ""Chad @ 8jqQZhEvdi"" (64)",2020-11-26T04:31:02.279Z,160636506228001
"-- starting hand #20  (No Limit Texas Hold'em) (dealer: ""Steve @ vKtqqQXap1"") --",2020-11-26T04:31:02.279Z,160636506228000
"""Charlie @ aABpeVhrzE"" shows a 10♦, A♠.",2020-11-26T04:31:01.091Z,160636506109200
"-- ending hand #19 --",2020-11-26T04:30:56.252Z,160636505625302
"""Charlie @ aABpeVhrzE"" collected 10 from pot",2020-11-26T04:30:56.252Z,160636505625301
"Uncalled bet of 2 returned to ""Charlie @ aABpeVhrzE""",2020-11-26T04:30:56.252Z,160636505625300
"""Chad @ 8jqQZhEvdi"" folds",2020-11-26T04:30:55.444Z,160636505544500
"""Charlie @ aABpeVhrzE"" bets 2",2020-11-26T04:30:50.812Z,160636505081300
"""Chad @ 8jqQZhEvdi"" checks",2020-11-26T04:30:40.257Z,160636504025700
"turn: 7♦, 10♥, 4♦ [10♣]",2020-11-26T04:30:31.106Z,160636503110800
"""Chad @ 8jqQZhEvdi"" calls 2",2020-11-26T04:30:30.280Z,160636503028100
"""Steve @ vKtqqQXap1"" folds",2020-11-26T04:30:20.931Z,160636502093200
"""Charlie @ aABpeVhrzE"" bets 2",2020-11-26T04:29:59.616Z,160636499961700
"""Chad @ 8jqQZhEvdi"" checks",2020-11-26T04:29:47.419Z,160636498742000
"""Steve @ vKtqqQXap1"" checks",2020-11-26T04:29:44.142Z,160636498414300
"flop:  [7♦, 10♥, 4♦]",2020-11-26T04:29:31.967Z,160636497196800
"""Chad @ 8jqQZhEvdi"" checks",2020-11-26T04:29:31.158Z,160636497115900
"""Steve @ vKtqqQXap1"" calls 2",2020-11-26T04:29:28.705Z,160636496870600
"""Charlie @ aABpeVhrzE"" calls 2",2020-11-26T04:29:25.161Z,160636496516100
"""Sean @ 6Vj8h9FQMu"" folds",2020-11-26T04:29:21.767Z,160636496176800
"""Chad @ 8jqQZhEvdi"" posts a big blind of 2",2020-11-26T04:28:47.836Z,160636492783707
"""Steve @ vKtqqQXap1"" posts a small blind of 1",2020-11-26T04:28:47.836Z,160636492783706
"Your hand is J♣, K♠",2020-11-26T04:28:47.836Z,160636492783704
"Player stacks: #1 ""Sean @ 6Vj8h9FQMu"" (50) | #2 ""Charlie @ aABpeVhrzE"" (97) | #6 ""Steve @ vKtqqQXap1"" (105) | #7 ""Chad @ 8jqQZhEvdi"" (68)",2020-11-26T04:28:47.836Z,160636492783701
"-- starting hand #19  (No Limit Texas Hold'em) (dealer: ""Charlie @ aABpeVhrzE"") --",2020-11-26T04:28:47.836Z,160636492783700
"""Chad @ 8jqQZhEvdi"" shows a Q♦, 6♠.",2020-11-26T04:28:31.540Z,160636491154000
"""Charlie @ aABpeVhrzE"" shows a 10♦, A♠.",2020-11-26T04:28:30.105Z,160636491010500
"-- ending hand #18 --",2020-11-26T04:28:25.689Z,160636490569002
"""Charlie @ aABpeVhrzE"" collected 8 from pot",2020-11-26T04:28:25.689Z,160636490569001
"Uncalled bet of 2 returned to ""Charlie @ aABpeVhrzE""",2020-11-26T04:28:25.689Z,160636490569000
"""Steve @ vKtqqQXap1"" folds",2020-11-26T04:28:24.862Z,160636490486300
"""Charlie @ aABpeVhrzE"" bets 2",2020-11-26T04:28:14.208Z,160636489420900
"turn: 6♣, 5♠, 10♥ [9♦]",2020-11-26T04:28:08.026Z,160636488803100
"""Steve @ vKtqqQXap1"" calls 2",2020-11-26T04:28:07.218Z,160636488721900
"""Charlie @ aABpeVhrzE"" bets 2",2020-11-26T04:28:01.241Z,160636488124200
"flop:  [6♣, 5♠, 10♥]",2020-11-26T04:27:52.742Z,160636487274400
"""Steve @ vKtqqQXap1"" checks",2020-11-26T04:27:51.938Z,160636487193900
"""Charlie @ aABpeVhrzE"" calls 2",2020-11-26T04:27:46.586Z,160636486658700
"""Sean @ 6Vj8h9FQMu"" folds",2020-11-26T04:27:42.824Z,160636486282500
"""Chad @ 8jqQZhEvdi"" folds",2020-11-26T04:27:33.746Z,160636485374700
"""Steve @ vKtqqQXap1"" posts a big blind of 2",2020-11-26T04:27:26.120Z,160636484612207
"""Charlie @ aABpeVhrzE"" posts a small blind of 1",2020-11-26T04:27:26.120Z,160636484612206
"Your hand is 8♦, 4♦",2020-11-26T04:27:26.120Z,160636484612204
"Player stacks: #1 ""Sean @ 6Vj8h9FQMu"" (50) | #2 ""Charlie @ aABpeVhrzE"" (93) | #6 ""Steve @ vKtqqQXap1"" (109) | #7 ""Chad @ 8jqQZhEvdi"" (68)",2020-11-26T04:27:26.120Z,160636484612101
"-- starting hand #18  (No Limit Texas Hold'em) (dealer: ""Sean @ 6Vj8h9FQMu"") --",2020-11-26T04:27:26.120Z,160636484612100
"""Steve @ vKtqqQXap1"" shows a 8♥, 8♣.",2020-11-26T04:27:16.824Z,160636483682600
"""Charlie @ aABpeVhrzE"" shows a 9♥, 5♣.",2020-11-26T04:27:13.454Z,160636483345500
"-- ending hand #17 --",2020-11-26T04:27:02.481Z,160636482248303
"""Chad @ 8jqQZhEvdi"" shows a Q♥, A♣.",2020-11-26T04:27:02.481Z,160636482248302
"""Sean @ 6Vj8h9FQMu"" collected 46 from pot with Flush, Qc High (combination: Q♣, 10♣, 7♣, 6♣, 3♣)",2020-11-26T04:27:02.481Z,160636482248301
"""Sean @ 6Vj8h9FQMu"" shows a 6♣, 7♣.",2020-11-26T04:27:02.481Z,160636482248300
"""Sean @ 6Vj8h9FQMu"" calls 8",2020-11-26T04:27:01.670Z,160636482167000
"""Chad @ 8jqQZhEvdi"" raises to 8",2020-11-26T04:26:55.357Z,160636481535800
"""Sean @ 6Vj8h9FQMu"" bets 2",2020-11-26T04:26:40.291Z,160636480029200
"river: 10♣, 3♣, Q♣, 2♦ [Q♦]",2020-11-26T04:26:34.645Z,160636479464900
"""Sean @ 6Vj8h9FQMu"" calls 6",2020-11-26T04:26:33.833Z,160636479383400
"""Chad @ 8jqQZhEvdi"" raises to 6",2020-11-26T04:26:28.125Z,160636478812600
"""Sean @ 6Vj8h9FQMu"" bets 2",2020-11-26T04:26:19.891Z,160636477989200
"turn: 10♣, 3♣, Q♣ [2♦]",2020-11-26T04:26:13.401Z,160636477340200
"""Charlie @ aABpeVhrzE"" folds",2020-11-26T04:26:12.564Z,160636477256500
"""Sean @ 6Vj8h9FQMu"" calls 4",2020-11-26T04:26:07.043Z,160636476704300
"""Chad @ 8jqQZhEvdi"" raises to 4",2020-11-26T04:25:21.600Z,160636472160100
"""Steve @ vKtqqQXap1"" folds",2020-11-26T04:25:11.533Z,160636471153300
"""Charlie @ aABpeVhrzE"" calls 2",2020-11-26T04:24:33.931Z,160636467393200
"""Sean @ 6Vj8h9FQMu"" bets 2",2020-11-26T04:24:11.628Z,160636465162900
"flop:  [10♣, 3♣, Q♣]",2020-11-26T04:24:02.974Z,160636464297500
"""Charlie @ aABpeVhrzE"" checks",2020-11-26T04:24:02.154Z,160636464215500
"""Sean @ 6Vj8h9FQMu"" calls 2",2020-11-26T04:23:57.349Z,160636463734900
"""Chad @ 8jqQZhEvdi"" calls 2",2020-11-26T04:23:53.609Z,160636463361000
"""Steve @ vKtqqQXap1"" calls 2",2020-11-26T04:23:48.265Z,160636462826500
"""Charlie @ aABpeVhrzE"" posts a big blind of 2",2020-11-26T04:23:44.208Z,160636462420907
"""Sean @ 6Vj8h9FQMu"" posts a small blind of 1",2020-11-26T04:23:44.208Z,160636462420906
"Your hand is 8♥, 8♣",2020-11-26T04:23:44.208Z,160636462420904
"Player stacks: #1 ""Sean @ 6Vj8h9FQMu"" (24) | #2 ""Charlie @ aABpeVhrzE"" (97) | #6 ""Steve @ vKtqqQXap1"" (111) | #7 ""Chad @ 8jqQZhEvdi"" (88)",2020-11-26T04:23:44.208Z,160636462420901
"-- starting hand #17  (No Limit Texas Hold'em) (dealer: ""Chad @ 8jqQZhEvdi"") --",2020-11-26T04:23:44.208Z,160636462420900
"""Chad @ 8jqQZhEvdi"" shows a 9♥, 7♠.",2020-11-26T04:22:31.114Z,160636455111500
"-- ending hand #16 --",2020-11-26T04:22:28.859Z,160636454886002
"""Chad @ 8jqQZhEvdi"" collected 6 from pot",2020-11-26T04:22:28.859Z,160636454886001
"Uncalled bet of 2 returned to ""Chad @ 8jqQZhEvdi""",2020-11-26T04:22:28.859Z,160636454886000
"""Steve @ vKtqqQXap1"" folds",2020-11-26T04:22:28.052Z,160636454805300
"""Sean @ 6Vj8h9FQMu"" folds",2020-11-26T04:21:36.565Z,160636449656600
"""Chad @ 8jqQZhEvdi"" bets 2",2020-11-26T04:21:32.430Z,160636449243100
"turn: 10♠, 7♣, 2♠ [2♥]",2020-11-26T04:21:25.855Z,160636448585700
"""Steve @ vKtqqQXap1"" checks",2020-11-26T04:21:25.049Z,160636448505000
"""Sean @ 6Vj8h9FQMu"" checks",2020-11-26T04:21:02.023Z,160636446202400
"""Chad @ 8jqQZhEvdi"" checks",2020-11-26T04:20:59.077Z,160636445907800
"flop:  [10♠, 7♣, 2♠]",2020-11-26T04:20:47.982Z,160636444798300
"""Sean @ 6Vj8h9FQMu"" checks",2020-11-26T04:20:47.170Z,160636444717100
"""Chad @ 8jqQZhEvdi"" calls 2",2020-11-26T04:20:42.007Z,160636444200800
"""Steve @ vKtqqQXap1"" calls 2",2020-11-26T04:20:33.972Z,160636443397200
"""Charlie @ aABpeVhrzE"" folds",2020-11-26T04:20:33.120Z,160636443312100
"""Sean @ 6Vj8h9FQMu"" posts a big blind of 2",2020-11-26T04:19:52.098Z,160636439210007
"""Chad @ 8jqQZhEvdi"" posts a small blind of 1",2020-11-26T04:19:52.098Z,160636439210006
"Your hand is 4♦, Q♦",2020-11-26T04:19:52.098Z,160636439210004
"Player stacks: #1 ""Sean @ 6Vj8h9FQMu"" (26) | #2 ""Charlie @ aABpeVhrzE"" (97) | #6 ""Steve @ vKtqqQXap1"" (113) | #7 ""Chad @ 8jqQZhEvdi"" (84)",2020-11-26T04:19:52.098Z,160636439210001
"-- starting hand #16  (No Limit Texas Hold'em) (dealer: ""Steve @ vKtqqQXap1"") --",2020-11-26T04:19:52.098Z,160636439210000
"-- ending hand #15 --",2020-11-26T04:19:45.681Z,160636438568402
"""Steve @ vKtqqQXap1"" collected 20 from pot with Pair, A's (combination: A♣, A♥, 10♦, 9♦, 6♥)",2020-11-26T04:19:45.681Z,160636438568401
"""Steve @ vKtqqQXap1"" shows a 9♦, A♣.",2020-11-26T04:19:45.681Z,160636438568400
"""Chad @ 8jqQZhEvdi"" calls 2",2020-11-26T04:19:44.872Z,160636438487300
"""Steve @ vKtqqQXap1"" bets 2",2020-11-26T04:19:42.707Z,160636438270800
"river: 6♥, 5♦, 4♠, 10♦ [A♥]",2020-11-26T04:19:35.715Z,160636437571700
"""Steve @ vKtqqQXap1"" calls 2",2020-11-26T04:19:34.903Z,160636437490400
"""Charlie @ aABpeVhrzE"" folds",2020-11-26T04:19:23.418Z,160636436341800
"""Chad @ 8jqQZhEvdi"" bets 2",2020-11-26T04:19:12.949Z,160636435295000
"""Steve @ vKtqqQXap1"" checks",2020-11-26T04:19:10.902Z,160636435090300
"turn: 6♥, 5♦, 4♠ [10♦]",2020-11-26T04:18:58.151Z,160636433815200
"""Steve @ vKtqqQXap1"" calls 2",2020-11-26T04:18:57.346Z,160636433734700
"""Charlie @ aABpeVhrzE"" calls 2",2020-11-26T04:18:25.744Z,160636430574600
"""Chad @ 8jqQZhEvdi"" bets 2",2020-11-26T04:18:14.852Z,160636429485300
"""Steve @ vKtqqQXap1"" checks",2020-11-26T04:18:12.696Z,160636429269600
"flop:  [6♥, 5♦, 4♠]",2020-11-26T04:17:45.786Z,160636426578700
"""Chad @ 8jqQZhEvdi"" checks",2020-11-26T04:17:44.977Z,160636426497800
"""Steve @ vKtqqQXap1"" calls 2",2020-11-26T04:17:43.163Z,160636426316400
"""Charlie @ aABpeVhrzE"" calls 2",2020-11-26T04:17:42.313Z,160636426231300
"""Sean @ 6Vj8h9FQMu"" folds",2020-11-26T04:17:39.216Z,160636425921700
"""Chad @ 8jqQZhEvdi"" posts a big blind of 2",2020-11-26T04:17:14.722Z,160636423472307
"""Steve @ vKtqqQXap1"" posts a small blind of 1",2020-11-26T04:17:14.722Z,160636423472306
"Your hand is 9♦, A♣",2020-11-26T04:17:14.722Z,160636423472304
"Player stacks: #1 ""Sean @ 6Vj8h9FQMu"" (26) | #2 ""Charlie @ aABpeVhrzE"" (101) | #6 ""Steve @ vKtqqQXap1"" (101) | #7 ""Chad @ 8jqQZhEvdi"" (92)",2020-11-26T04:17:14.722Z,160636423472301
"-- starting hand #15  (No Limit Texas Hold'em) (dealer: ""Charlie @ aABpeVhrzE"") --",2020-11-26T04:17:14.722Z,160636423472300
"-- ending hand #14 --",2020-11-26T04:16:55.798Z,160636421579903
"""Charlie @ aABpeVhrzE"" shows a 5♦, Q♦.",2020-11-26T04:16:55.798Z,160636421579902
"""Steve @ vKtqqQXap1"" collected 12 from pot with Pair, 2's (combination: 2♥, 2♠, A♠, 10♠, 9♠)",2020-11-26T04:16:55.798Z,160636421579901
"""Steve @ vKtqqQXap1"" shows a A♠, 2♥.",2020-11-26T04:16:55.798Z,160636421579900
"""Steve @ vKtqqQXap1"" checks",2020-11-26T04:16:54.980Z,160636421498000
"""Charlie @ aABpeVhrzE"" checks",2020-11-26T04:16:27.997Z,160636418799700
"river: 9♠, 2♠, 3♥, 7♣ [10♠]",2020-11-26T04:15:08.847Z,160636410885300
"""Steve @ vKtqqQXap1"" calls 2",2020-11-26T04:15:08.037Z,160636410803700
"""Charlie @ aABpeVhrzE"" bets 2",2020-11-26T04:14:50.130Z,160636409013000
"turn: 9♠, 2♠, 3♥ [7♣]",2020-11-26T04:14:35.675Z,160636407567700
"""Steve @ vKtqqQXap1"" calls 2",2020-11-26T04:14:34.865Z,160636407486500
"""Charlie @ aABpeVhrzE"" bets 2",2020-11-26T04:14:23.624Z,160636406362400
"flop:  [9♠, 2♠, 3♥]",2020-11-26T04:13:40.900Z,160636402090100
"""Steve @ vKtqqQXap1"" checks",2020-11-26T04:13:40.095Z,160636402009500
"""Charlie @ aABpeVhrzE"" calls 2",2020-11-26T04:12:40.045Z,160636396005100
"""Sean @ 6Vj8h9FQMu"" folds",2020-11-26T04:12:34.577Z,160636395457800
"""Chad @ 8jqQZhEvdi"" folds",2020-11-26T04:11:39.997Z,160636389999800
"""Steve @ vKtqqQXap1"" posts a big blind of 2",2020-11-26T04:11:10.068Z,160636387006907
"""Charlie @ aABpeVhrzE"" posts a small blind of 1",2020-11-26T04:11:10.068Z,160636387006906
"Your hand is A♠, 2♥",2020-11-26T04:11:10.068Z,160636387006904
"Player stacks: #1 ""Sean @ 6Vj8h9FQMu"" (26) | #2 ""Charlie @ aABpeVhrzE"" (107) | #6 ""Steve @ vKtqqQXap1"" (95) | #7 ""Chad @ 8jqQZhEvdi"" (92)",2020-11-26T04:11:10.068Z,160636387006901
"-- starting hand #14  (No Limit Texas Hold'em) (dealer: ""Sean @ 6Vj8h9FQMu"") --",2020-11-26T04:11:10.068Z,160636387006900
"-- ending hand #13 --",2020-11-26T04:11:03.401Z,160636386340202
"""Charlie @ aABpeVhrzE"" collected 24 from pot with Full House, J's over A's (combination: J♦, J♥, J♣, A♣, A♥)",2020-11-26T04:11:03.401Z,160636386340201
"""Charlie @ aABpeVhrzE"" shows a 10♣, J♦.",2020-11-26T04:11:03.401Z,160636386340200
"""Chad @ 8jqQZhEvdi"" calls 6",2020-11-26T04:11:02.585Z,160636386258600
"""Charlie @ aABpeVhrzE"" bets 6",2020-11-26T04:10:46.929Z,160636384693000
"river: A♣, J♥, 6♥, J♣ [A♥]",2020-11-26T04:10:23.559Z,160636382356400
"""Sean @ 6Vj8h9FQMu"" folds",2020-11-26T04:10:22.754Z,160636382275500
"""Chad @ 8jqQZhEvdi"" calls 2",2020-11-26T04:10:15.763Z,160636381576400
"""Steve @ vKtqqQXap1"" folds",2020-11-26T04:10:07.141Z,160636380714200
"""Charlie @ aABpeVhrzE"" bets 2",2020-11-26T04:10:01.140Z,160636380114100
"""Sean @ 6Vj8h9FQMu"" checks",2020-11-26T04:09:58.101Z,160636379810200
"turn: A♣, J♥, 6♥ [J♣]",2020-11-26T04:09:51.630Z,160636379163100
"""Chad @ 8jqQZhEvdi"" checks",2020-11-26T04:09:50.823Z,160636379082400
"""Steve @ vKtqqQXap1"" checks",2020-11-26T04:09:49.106Z,160636378910700
"""Charlie @ aABpeVhrzE"" checks",2020-11-26T04:09:39.274Z,160636377927400
"""Sean @ 6Vj8h9FQMu"" checks",2020-11-26T04:09:29.184Z,160636376918500
"flop:  [A♣, J♥, 6♥]",2020-11-26T04:08:39.898Z,160636371989900
"""Charlie @ aABpeVhrzE"" checks",2020-11-26T04:08:39.089Z,160636371909000
"""Sean @ 6Vj8h9FQMu"" calls 2",2020-11-26T04:08:38.222Z,160636371822300
"""Chad @ 8jqQZhEvdi"" calls 2",2020-11-26T04:08:26.729Z,160636370672900
"""Steve @ vKtqqQXap1"" calls 2",2020-11-26T04:08:25.851Z,160636370585200
"""Charlie @ aABpeVhrzE"" posts a big blind of 2",2020-11-26T04:08:11.869Z,160636369187007
"""Sean @ 6Vj8h9FQMu"" posts a small blind of 1",2020-11-26T04:08:11.869Z,160636369187006
"Your hand is K♠, 9♥",2020-11-26T04:08:11.869Z,160636369187004
"Player stacks: #1 ""Sean @ 6Vj8h9FQMu"" (28) | #2 ""Charlie @ aABpeVhrzE"" (93) | #6 ""Steve @ vKtqqQXap1"" (97) | #7 ""Chad @ 8jqQZhEvdi"" (102)",2020-11-26T04:08:11.869Z,160636369187001
"-- starting hand #13  (No Limit Texas Hold'em) (dealer: ""Chad @ 8jqQZhEvdi"") --",2020-11-26T04:08:11.869Z,160636369187000
"-- ending hand #12 --",2020-11-26T04:07:30.784Z,160636365078603
"""Sean @ 6Vj8h9FQMu"" shows a J♣, 10♦.",2020-11-26T04:07:30.784Z,160636365078602
"""Charlie @ aABpeVhrzE"" collected 34 from pot with Full House, J's over 4's (combination: J♥, J♠, J♦, 4♠, 4♥)",2020-11-26T04:07:30.784Z,160636365078601
"""Charlie @ aABpeVhrzE"" shows a J♥, 4♠.",2020-11-26T04:07:30.784Z,160636365078600
"""Charlie @ aABpeVhrzE"" calls 10",2020-11-26T04:07:29.978Z,160636364997900
"""Sean @ 6Vj8h9FQMu"" raises to 10",2020-11-26T04:07:26.866Z,160636364686600
"""Charlie @ aABpeVhrzE"" raises to 6",2020-11-26T04:07:09.548Z,160636362954800
"""Sean @ 6Vj8h9FQMu"" bets 2",2020-11-26T04:07:00.395Z,160636362039600
"river: J♠, J♦, K♥, 4♥ [7♦]",2020-11-26T04:06:54.045Z,160636361405300
"""Charlie @ aABpeVhrzE"" calls 2",2020-11-26T04:06:53.240Z,160636361324100
"""Sean @ 6Vj8h9FQMu"" bets 2",2020-11-26T04:06:42.411Z,160636360241200
"turn: J♠, J♦, K♥ [4♥]",2020-11-26T04:05:58.587Z,160636355858800
"""Chad @ 8jqQZhEvdi"" folds",2020-11-26T04:05:57.758Z,160636355775800
"""Charlie @ aABpeVhrzE"" calls 2",2020-11-26T04:05:11.710Z,160636351171000
"""Sean @ 6Vj8h9FQMu"" bets 2",2020-11-26T04:05:04.243Z,160636350424300
"""Chad @ 8jqQZhEvdi"" checks",2020-11-26T04:04:56.811Z,160636349681200
"flop:  [J♠, J♦, K♥]",2020-11-26T04:04:15.207Z,160636345520800
"""Sean @ 6Vj8h9FQMu"" checks",2020-11-26T04:04:14.401Z,160636345440200
"""Chad @ 8jqQZhEvdi"" calls 2",2020-11-26T04:04:13.545Z,160636345354600
"""Steve @ vKtqqQXap1"" folds",2020-11-26T04:03:57.013Z,160636343701600
"""Charlie @ aABpeVhrzE"" calls 2",2020-11-26T04:03:56.162Z,160636343616300
"""Sean @ 6Vj8h9FQMu"" posts a big blind of 2",2020-11-26T04:03:01.052Z,160636338105307
"""Chad @ 8jqQZhEvdi"" posts a small blind of 1",2020-11-26T04:03:01.052Z,160636338105306
"Your hand is 5♥, 9♠",2020-11-26T04:03:01.052Z,160636338105304
"Player stacks: #1 ""Sean @ 6Vj8h9FQMu"" (44) | #2 ""Charlie @ aABpeVhrzE"" (75) | #6 ""Steve @ vKtqqQXap1"" (97) | #7 ""Chad @ 8jqQZhEvdi"" (104)",2020-11-26T04:03:01.052Z,160636338105301
"-- starting hand #12  (No Limit Texas Hold'em) (dealer: ""Steve @ vKtqqQXap1"") --",2020-11-26T04:03:01.052Z,160636338105300
"""Charlie @ aABpeVhrzE"" shows a 4♠, K♥.",2020-11-26T04:02:48.383Z,160636336838400
"-- ending hand #11 --",2020-11-26T04:02:42.416Z,160636336241702
"""Charlie @ aABpeVhrzE"" collected 16 from pot",2020-11-26T04:02:42.416Z,160636336241701
"Uncalled bet of 6 returned to ""Charlie @ aABpeVhrzE""",2020-11-26T04:02:42.416Z,160636336241700
"""Sean @ 6Vj8h9FQMu"" folds",2020-11-26T04:02:41.612Z,160636336161200
"""Charlie @ aABpeVhrzE"" bets 6",2020-11-26T04:02:35.256Z,160636335525700
"""Sean @ 6Vj8h9FQMu"" checks",2020-11-26T04:02:27.190Z,160636334719000
"river: A♠, K♦, 4♣, 9♦ [6♣]",2020-11-26T04:02:09.513Z,160636332951500
"""Sean @ 6Vj8h9FQMu"" calls 2",2020-11-26T04:02:08.703Z,160636332870400
"""Charlie @ aABpeVhrzE"" bets 2",2020-11-26T04:02:06.768Z,160636332676900
"""Sean @ 6Vj8h9FQMu"" checks",2020-11-26T04:02:03.861Z,160636332386200
"turn: A♠, K♦, 4♣ [9♦]",2020-11-26T04:01:50.421Z,160636331042400
"""Sean @ 6Vj8h9FQMu"" calls 2",2020-11-26T04:01:49.612Z,160636330961300
"""Chad @ 8jqQZhEvdi"" folds",2020-11-26T04:01:48.749Z,160636330875400
"""Charlie @ aABpeVhrzE"" bets 2",2020-11-26T04:01:45.589Z,160636330559000
"""Sean @ 6Vj8h9FQMu"" checks",2020-11-26T04:01:38.100Z,160636329810000
"""Chad @ 8jqQZhEvdi"" checks",2020-11-26T04:01:37.239Z,160636329724000
"flop:  [A♠, K♦, 4♣]",2020-11-26T04:00:57.705Z,160636325770600
"""Chad @ 8jqQZhEvdi"" checks",2020-11-26T04:00:56.899Z,160636325690000
"""Steve @ vKtqqQXap1"" folds",2020-11-26T04:00:54.194Z,160636325419500
"""Charlie @ aABpeVhrzE"" calls 2",2020-11-26T04:00:23.095Z,160636322309600
"""Sean @ 6Vj8h9FQMu"" checks",2020-11-26T04:00:17.779Z,160636321778100
"""Sean @ 6Vj8h9FQMu"" posts a missed big blind of 2",2020-11-26T04:00:08.069Z,160636320807210
"""Sean @ 6Vj8h9FQMu"" posts a missing small blind of 1",2020-11-26T04:00:08.069Z,160636320807209
"""Chad @ 8jqQZhEvdi"" posts a big blind of 2",2020-11-26T04:00:08.069Z,160636320807208
"""Steve @ vKtqqQXap1"" posts a small blind of 1",2020-11-26T04:00:08.069Z,160636320807207
"Your hand is 7♥, 5♠",2020-11-26T04:00:08.069Z,160636320807205
"Player stacks: #1 ""Sean @ 6Vj8h9FQMu"" (51) | #2 ""Charlie @ aABpeVhrzE"" (65) | #6 ""Steve @ vKtqqQXap1"" (98) | #7 ""Chad @ 8jqQZhEvdi"" (106)",2020-11-26T04:00:08.069Z,160636320807202
"-- starting hand #11  (No Limit Texas Hold'em) (dealer: ""Charlie @ aABpeVhrzE"") --",2020-11-26T04:00:08.069Z,160636320807201
"The player ""Sean @ 6Vj8h9FQMu"" joined the game with a stack of 51.",2020-11-26T04:00:08.069Z,160636320807200
"-- ending hand #10 --",2020-11-26T04:00:03.319Z,160636320332002
"""Chad @ 8jqQZhEvdi"" collected 34 from pot with Full House, 10's over 5's (combination: 10♠, 10♣, 10♥, 5♦, 5♣)",2020-11-26T04:00:03.319Z,160636320332001
"""Chad @ 8jqQZhEvdi"" shows a 5♦, 5♣.",2020-11-26T04:00:03.319Z,160636320332000
"""Steve @ vKtqqQXap1"" calls 8",2020-11-26T04:00:02.468Z,160636320247000
"""Charlie @ aABpeVhrzE"" folds",2020-11-26T03:59:26.834Z,160636316683500
"""Chad @ 8jqQZhEvdi"" bets 8",2020-11-26T03:59:18.425Z,160636315842500
"""Steve @ vKtqqQXap1"" checks",2020-11-26T03:59:01.887Z,160636314188800
"""Charlie @ aABpeVhrzE"" checks",2020-11-26T03:58:58.479Z,160636313848000
"river: 3♥, 10♠, 7♦, 10♣ [10♥]",2020-11-26T03:58:33.597Z,160636311360000
"""Steve @ vKtqqQXap1"" calls 2",2020-11-26T03:58:32.792Z,160636311279300
"""Charlie @ aABpeVhrzE"" calls 2",2020-11-26T03:58:27.923Z,160636310792400
"""Chad @ 8jqQZhEvdi"" bets 2",2020-11-26T03:58:22.655Z,160636310265600
"""Steve @ vKtqqQXap1"" checks",2020-11-26T03:58:19.304Z,160636309930500
"""Charlie @ aABpeVhrzE"" checks",2020-11-26T03:58:10.971Z,160636309097300
"turn: 3♥, 10♠, 7♦ [10♣]",2020-11-26T03:57:36.693Z,160636305669500
"""Charlie @ aABpeVhrzE"" calls 2",2020-11-26T03:57:35.875Z,160636305587600
"""Chad @ 8jqQZhEvdi"" calls 2",2020-11-26T03:57:30.005Z,160636305000600
"""Steve @ vKtqqQXap1"" bets 2",2020-11-26T03:57:27.188Z,160636304718900
"""Charlie @ aABpeVhrzE"" checks",2020-11-26T03:57:22.809Z,160636304280900
"flop:  [3♥, 10♠, 7♦]",2020-11-26T03:57:16.250Z,160636303625200
"""Steve @ vKtqqQXap1"" checks",2020-11-26T03:57:15.431Z,160636303543200
"""Charlie @ aABpeVhrzE"" calls 2",2020-11-26T03:57:02.104Z,160636302210500
"""Chad @ 8jqQZhEvdi"" calls 2",2020-11-26T03:56:51.989Z,160636301198900
"""Steve @ vKtqqQXap1"" posts a big blind of 2",2020-11-26T03:56:40.515Z,160636300051806
"""Charlie @ aABpeVhrzE"" posts a small blind of 1",2020-11-26T03:56:40.515Z,160636300051805
"Your hand is 3♣, 3♠",2020-11-26T03:56:40.515Z,160636300051803
"Player stacks: #1 ""Sean @ 6Vj8h9FQMu"" (51) | #2 ""Charlie @ aABpeVhrzE"" (71) | #6 ""Steve @ vKtqqQXap1"" (112) | #7 ""Chad @ 8jqQZhEvdi"" (86)",2020-11-26T03:56:40.515Z,160636300051801
"-- starting hand #10  (No Limit Texas Hold'em) (dealer: ""Chad @ 8jqQZhEvdi"") --",2020-11-26T03:56:40.515Z,160636300051800
"-- ending hand #9 --",2020-11-26T03:56:14.989Z,160636297499102
"""Chad @ 8jqQZhEvdi"" collected 50 from pot with Flush, As High (combination: A♠, 9♠, 8♠, 5♠, 4♠)",2020-11-26T03:56:14.989Z,160636297499101
"""Chad @ 8jqQZhEvdi"" shows a A♠, 7♣.",2020-11-26T03:56:14.989Z,160636297499100
"""Steve @ vKtqqQXap1"" calls 12",2020-11-26T03:56:14.184Z,160636297418400
"""Chad @ 8jqQZhEvdi"" bets 12",2020-11-26T03:55:31.835Z,160636293183600
"The player ""Sean @ 6Vj8h9FQMu"" sit back with the stack of 51.",2020-11-26T03:55:27.584Z,160636292758500
"river: 4♠, 5♠, 2♣, 8♠ [9♠]",2020-11-26T03:55:07.075Z,160636290707700
"""Chad @ 8jqQZhEvdi"" calls 8",2020-11-26T03:55:06.264Z,160636290626400
"""Steve @ vKtqqQXap1"" raises to 8",2020-11-26T03:55:04.284Z,160636290428500
"""Chad @ 8jqQZhEvdi"" bets 2",2020-11-26T03:54:56.542Z,160636289654300
"turn: 4♠, 5♠, 2♣ [8♠]",2020-11-26T03:54:52.962Z,160636289296400
"""Steve @ vKtqqQXap1"" calls 2",2020-11-26T03:54:52.152Z,160636289215300
"""Charlie @ aABpeVhrzE"" folds",2020-11-26T03:54:43.806Z,160636288380700
"""Chad @ 8jqQZhEvdi"" bets 2",2020-11-26T03:54:27.616Z,160636286761600
"flop:  [4♠, 5♠, 2♣]",2020-11-26T03:53:48.402Z,160636282840500
"""Charlie @ aABpeVhrzE"" checks",2020-11-26T03:53:47.590Z,160636282759100
"""Chad @ 8jqQZhEvdi"" calls 2",2020-11-26T03:53:37.578Z,160636281757800
"""Steve @ vKtqqQXap1"" calls 2",2020-11-26T03:53:23.426Z,160636280342700
"""Charlie @ aABpeVhrzE"" posts a big blind of 2",2020-11-26T03:53:19.839Z,160636279984007
"""Chad @ 8jqQZhEvdi"" posts a small blind of 1",2020-11-26T03:53:19.839Z,160636279984006
"Your hand is Q♦, Q♣",2020-11-26T03:53:19.839Z,160636279984004
"Player stacks: #2 ""Charlie @ aABpeVhrzE"" (73) | #6 ""Steve @ vKtqqQXap1"" (136) | #7 ""Chad @ 8jqQZhEvdi"" (60)",2020-11-26T03:53:19.839Z,160636279984002
"-- starting hand #9  (No Limit Texas Hold'em) (dealer: ""Steve @ vKtqqQXap1"") --",2020-11-26T03:53:19.839Z,160636279984001
"The player ""Sean @ 6Vj8h9FQMu"" stand up with the stack of 51.",2020-11-26T03:53:19.839Z,160636279984000
"""Steve @ vKtqqQXap1"" shows a 4♥, 3♣.",2020-11-26T03:53:08.114Z,160636278811500
"""Chad @ 8jqQZhEvdi"" shows a 5♥, J♥.",2020-11-26T03:52:59.097Z,160636277909800
"-- ending hand #8 --",2020-11-26T03:52:56.202Z,160636277620202
"""Steve @ vKtqqQXap1"" collected 20 from pot",2020-11-26T03:52:56.202Z,160636277620201
"Uncalled bet of 2 returned to ""Steve @ vKtqqQXap1""",2020-11-26T03:52:56.202Z,160636277620200
"""Sean @ 6Vj8h9FQMu"" folds",2020-11-26T03:52:55.397Z,160636277539800
"""Chad @ 8jqQZhEvdi"" folds",2020-11-26T03:52:54.587Z,160636277458700
"""Steve @ vKtqqQXap1"" bets 2",2020-11-26T03:52:44.086Z,160636276408600
"river: A♣, 5♦, 2♣, K♥ [Q♦]",2020-11-26T03:52:33.940Z,160636275394300
"""Chad @ 8jqQZhEvdi"" calls 2",2020-11-26T03:52:33.130Z,160636275313100
"""Steve @ vKtqqQXap1"" calls 2",2020-11-26T03:52:29.646Z,160636274964700
"""Sean @ 6Vj8h9FQMu"" bets 2",2020-11-26T03:52:02.379Z,160636272238100
"""Chad @ 8jqQZhEvdi"" checks",2020-11-26T03:51:51.925Z,160636271192500
"""Steve @ vKtqqQXap1"" checks",2020-11-26T03:51:49.019Z,160636270902400
"turn: A♣, 5♦, 2♣ [K♥]",2020-11-26T03:51:42.968Z,160636270297000
"""Steve @ vKtqqQXap1"" calls 2",2020-11-26T03:51:42.163Z,160636270216300
"""Charlie @ aABpeVhrzE"" folds",2020-11-26T03:51:38.435Z,160636269843500
"""Sean @ 6Vj8h9FQMu"" calls 2",2020-11-26T03:51:30.213Z,160636269021400
"""Chad @ 8jqQZhEvdi"" bets 2",2020-11-26T03:51:25.169Z,160636268517000
"""Steve @ vKtqqQXap1"" checks",2020-11-26T03:51:20.872Z,160636268087300
"flop:  [A♣, 5♦, 2♣]",2020-11-26T03:51:13.692Z,160636267369300
"""Chad @ 8jqQZhEvdi"" checks",2020-11-26T03:51:12.884Z,160636267288400
"""Steve @ vKtqqQXap1"" calls 2",2020-11-26T03:51:09.249Z,160636266925000
"""Charlie @ aABpeVhrzE"" calls 2",2020-11-26T03:51:04.785Z,160636266478600
"""Sean @ 6Vj8h9FQMu"" calls 2",2020-11-26T03:51:03.461Z,160636266346200
"""Chad @ 8jqQZhEvdi"" posts a big blind of 2",2020-11-26T03:50:35.270Z,160636263527107
"""Steve @ vKtqqQXap1"" posts a small blind of 1",2020-11-26T03:50:35.270Z,160636263527106
"Your hand is 4♥, 3♣",2020-11-26T03:50:35.270Z,160636263527104
"Player stacks: #1 ""Sean @ 6Vj8h9FQMu"" (57) | #2 ""Charlie @ aABpeVhrzE"" (75) | #6 ""Steve @ vKtqqQXap1"" (122) | #7 ""Chad @ 8jqQZhEvdi"" (66)",2020-11-26T03:50:35.270Z,160636263527101
"-- starting hand #8  (No Limit Texas Hold'em) (dealer: ""Charlie @ aABpeVhrzE"") --",2020-11-26T03:50:35.270Z,160636263527100
"-- ending hand #7 --",2020-11-26T03:50:25.592Z,160636262559303
"""Charlie @ aABpeVhrzE"" shows a K♥, 4♣.",2020-11-26T03:50:25.592Z,160636262559302
"""Sean @ 6Vj8h9FQMu"" collected 14 from pot with Two Pair, J's & 3's (combination: J♦, J♥, 3♦, 3♣, A♣)",2020-11-26T03:50:25.592Z,160636262559301
"""Sean @ 6Vj8h9FQMu"" shows a J♦, J♥.",2020-11-26T03:50:25.592Z,160636262559300
"""Sean @ 6Vj8h9FQMu"" calls 2",2020-11-26T03:50:24.755Z,160636262475700
"""Charlie @ aABpeVhrzE"" bets 2",2020-11-26T03:50:21.382Z,160636262138300
"river: 9♠, 8♥, A♣, 3♦ [3♣]",2020-11-26T03:50:13.152Z,160636261315500
"""Sean @ 6Vj8h9FQMu"" checks",2020-11-26T03:50:12.343Z,160636261234400
"""Charlie @ aABpeVhrzE"" checks",2020-11-26T03:50:02.548Z,160636260254900
"turn: 9♠, 8♥, A♣ [3♦]",2020-11-26T03:49:33.565Z,160636257356700
"""Sean @ 6Vj8h9FQMu"" calls 2",2020-11-26T03:49:32.755Z,160636257275600
"""Steve @ vKtqqQXap1"" folds",2020-11-26T03:49:31.891Z,160636257189200
"""Charlie @ aABpeVhrzE"" bets 2",2020-11-26T03:49:16.849Z,160636255685000
"flop:  [9♠, 8♥, A♣]",2020-11-26T03:49:00.681Z,160636254068200
"""Steve @ vKtqqQXap1"" checks",2020-11-26T03:48:59.874Z,160636253987500
"""Charlie @ aABpeVhrzE"" calls 2",2020-11-26T03:48:55.141Z,160636253514200
"""Sean @ 6Vj8h9FQMu"" calls 2",2020-11-26T03:48:33.181Z,160636251318200
"""Chad @ 8jqQZhEvdi"" folds",2020-11-26T03:48:32.326Z,160636251232700
"""Steve @ vKtqqQXap1"" posts a big blind of 2",2020-11-26T03:47:58.871Z,160636247887107
"""Charlie @ aABpeVhrzE"" posts a small blind of 1",2020-11-26T03:47:58.871Z,160636247887106
"Your hand is 3♥, 5♦",2020-11-26T03:47:58.871Z,160636247887104
"Player stacks: #1 ""Sean @ 6Vj8h9FQMu"" (49) | #2 ""Charlie @ aABpeVhrzE"" (81) | #6 ""Steve @ vKtqqQXap1"" (124) | #7 ""Chad @ 8jqQZhEvdi"" (66)",2020-11-26T03:47:58.871Z,160636247887101
"-- starting hand #7  (No Limit Texas Hold'em) (dealer: ""Sean @ 6Vj8h9FQMu"") --",2020-11-26T03:47:58.871Z,160636247887100
"-- ending hand #6 --",2020-11-26T03:47:47.009Z,160636246701002
"""Charlie @ aABpeVhrzE"" collected 2 from pot",2020-11-26T03:47:47.009Z,160636246701001
"Uncalled bet of 1 returned to ""Charlie @ aABpeVhrzE""",2020-11-26T03:47:47.009Z,160636246701000
"""Sean @ 6Vj8h9FQMu"" folds",2020-11-26T03:47:46.202Z,160636246620300
"""Chad @ 8jqQZhEvdi"" folds",2020-11-26T03:47:45.323Z,160636246532300
"""Steve @ vKtqqQXap1"" folds",2020-11-26T03:47:40.207Z,160636246020800
"""Charlie @ aABpeVhrzE"" posts a big blind of 2",2020-11-26T03:47:28.459Z,160636244846407
"""Sean @ 6Vj8h9FQMu"" posts a small blind of 1",2020-11-26T03:47:28.459Z,160636244846406
"Your hand is 3♥, 7♦",2020-11-26T03:47:28.459Z,160636244846404
"Player stacks: #1 ""Sean @ 6Vj8h9FQMu"" (50) | #2 ""Charlie @ aABpeVhrzE"" (80) | #6 ""Steve @ vKtqqQXap1"" (124) | #7 ""Chad @ 8jqQZhEvdi"" (66)",2020-11-26T03:47:28.459Z,160636244846401
"-- starting hand #6  (No Limit Texas Hold'em) (dealer: ""Chad @ 8jqQZhEvdi"") --",2020-11-26T03:47:28.459Z,160636244846400
"-- ending hand #5 --",2020-11-26T03:47:20.923Z,160636244092504
"""Charlie @ aABpeVhrzE"" shows a 8♣, 9♥.",2020-11-26T03:47:20.923Z,160636244092503
"""Chad @ 8jqQZhEvdi"" shows a 9♦, 7♣.",2020-11-26T03:47:20.923Z,160636244092502
"""Steve @ vKtqqQXap1"" collected 8 from pot with K High (combination: K♣, Q♣, J♣, 10♠, 6♠)",2020-11-26T03:47:20.923Z,160636244092501
"""Steve @ vKtqqQXap1"" shows a Q♣, 3♦.",2020-11-26T03:47:20.923Z,160636244092500
"""Steve @ vKtqqQXap1"" checks",2020-11-26T03:47:20.118Z,160636244011800
"""Charlie @ aABpeVhrzE"" checks",2020-11-26T03:47:11.144Z,160636243114500
"""Sean @ 6Vj8h9FQMu"" checks",2020-11-26T03:47:07.202Z,160636242720300
"""Chad @ 8jqQZhEvdi"" checks",2020-11-26T03:47:06.334Z,160636242633400
"river: K♣, 6♠, J♣, 4♣ [10♠]",2020-11-26T03:46:54.604Z,160636241460600
"""Steve @ vKtqqQXap1"" checks",2020-11-26T03:46:53.795Z,160636241379500
"""Charlie @ aABpeVhrzE"" checks",2020-11-26T03:46:52.941Z,160636241294200
"""Sean @ 6Vj8h9FQMu"" checks",2020-11-26T03:46:41.941Z,160636240194200
"""Chad @ 8jqQZhEvdi"" checks",2020-11-26T03:46:41.079Z,160636240107900
"turn: K♣, 6♠, J♣ [4♣]",2020-11-26T03:46:30.185Z,160636239018600
"""Steve @ vKtqqQXap1"" checks",2020-11-26T03:46:29.375Z,160636238937600
"""Charlie @ aABpeVhrzE"" checks",2020-11-26T03:46:15.941Z,160636237594100
"""Sean @ 6Vj8h9FQMu"" checks",2020-11-26T03:46:15.068Z,160636237506900
"""Chad @ 8jqQZhEvdi"" checks",2020-11-26T03:45:42.081Z,160636234208100
"flop:  [K♣, 6♠, J♣]",2020-11-26T03:45:35.783Z,160636233578400
"""Sean @ 6Vj8h9FQMu"" checks",2020-11-26T03:45:34.980Z,160636233498000
"""Chad @ 8jqQZhEvdi"" calls 2",2020-11-26T03:44:31.482Z,160636227148200
"""Steve @ vKtqqQXap1"" calls 2",2020-11-26T03:44:15.183Z,160636225518400
"""Charlie @ aABpeVhrzE"" calls 2",2020-11-26T03:44:12.013Z,160636225201400
"""Sean @ 6Vj8h9FQMu"" posts a big blind of 2",2020-11-26T03:44:05.312Z,160636224531607
"""Chad @ 8jqQZhEvdi"" posts a small blind of 1",2020-11-26T03:44:05.312Z,160636224531606
"Your hand is Q♣, 3♦",2020-11-26T03:44:05.312Z,160636224531604
"Player stacks: #1 ""Sean @ 6Vj8h9FQMu"" (52) | #2 ""Charlie @ aABpeVhrzE"" (82) | #6 ""Steve @ vKtqqQXap1"" (118) | #7 ""Chad @ 8jqQZhEvdi"" (68)",2020-11-26T03:44:05.312Z,160636224531601
"-- starting hand #5  (No Limit Texas Hold'em) (dealer: ""Steve @ vKtqqQXap1"") --",2020-11-26T03:44:05.312Z,160636224531600
"-- ending hand #4 --",2020-11-26T03:43:58.783Z,160636223878402
"""Chad @ 8jqQZhEvdi"" collected 14 from pot with Two Pair, 10's & 7's (combination: 10♦, 10♥, 7♠, 7♦, K♣)",2020-11-26T03:43:58.783Z,160636223878401
"""Chad @ 8jqQZhEvdi"" shows a 10♦, 7♠.",2020-11-26T03:43:58.783Z,160636223878400
"""Charlie @ aABpeVhrzE"" calls 2",2020-11-26T03:43:57.976Z,160636223797700
"""Chad @ 8jqQZhEvdi"" bets 2",2020-11-26T03:43:54.058Z,160636223405900
"river: 3♠, 6♠, K♣, 10♥ [7♦]",2020-11-26T03:43:49.732Z,160636222973500
"""Charlie @ aABpeVhrzE"" checks",2020-11-26T03:43:48.923Z,160636222892300
"""Chad @ 8jqQZhEvdi"" checks",2020-11-26T03:43:36.512Z,160636221651200
"turn: 3♠, 6♠, K♣ [10♥]",2020-11-26T03:43:25.850Z,160636220585200
"""Chad @ 8jqQZhEvdi"" calls 2",2020-11-26T03:43:25.030Z,160636220503100
"""Steve @ vKtqqQXap1"" folds",2020-11-26T03:43:11.442Z,160636219144200
"""Charlie @ aABpeVhrzE"" bets 2",2020-11-26T03:43:01.931Z,160636218193100
"""Chad @ 8jqQZhEvdi"" checks",2020-11-26T03:42:50.300Z,160636217030100
"""Steve @ vKtqqQXap1"" checks",2020-11-26T03:42:48.347Z,160636216834800
"flop:  [3♠, 6♠, K♣]",2020-11-26T03:42:37.803Z,160636215780400
"""Chad @ 8jqQZhEvdi"" checks",2020-11-26T03:42:36.956Z,160636215695600
"""Steve @ vKtqqQXap1"" calls 2",2020-11-26T03:42:27.247Z,160636214724800
"""Charlie @ aABpeVhrzE"" calls 2",2020-11-26T03:42:22.118Z,160636214211900
"""Sean @ 6Vj8h9FQMu"" folds",2020-11-26T03:42:21.227Z,160636214122800
"""Chad @ 8jqQZhEvdi"" posts a big blind of 2",2020-11-26T03:42:02.939Z,160636212294007
"""Steve @ vKtqqQXap1"" posts a small blind of 1",2020-11-26T03:42:02.939Z,160636212294006
"Your hand is 4♦, J♣",2020-11-26T03:42:02.939Z,160636212294004
"Player stacks: #1 ""Sean @ 6Vj8h9FQMu"" (52) | #2 ""Charlie @ aABpeVhrzE"" (88) | #6 ""Steve @ vKtqqQXap1"" (120) | #7 ""Chad @ 8jqQZhEvdi"" (60)",2020-11-26T03:42:02.939Z,160636212294001
"-- starting hand #4  (No Limit Texas Hold'em) (dealer: ""Charlie @ aABpeVhrzE"") --",2020-11-26T03:42:02.939Z,160636212294000
"-- ending hand #3 --",2020-11-26T03:41:56.393Z,160636211639402
"""Steve @ vKtqqQXap1"" collected 60 from pot with Three of a Kind, K's (combination: K♠, K♦, K♥, A♣, Q♠)",2020-11-26T03:41:56.393Z,160636211639401
"""Steve @ vKtqqQXap1"" shows a Q♠, K♠.",2020-11-26T03:41:56.393Z,160636211639400
"""Sean @ 6Vj8h9FQMu"" folds",2020-11-26T03:41:55.581Z,160636211558200
"""Chad @ 8jqQZhEvdi"" calls 6",2020-11-26T03:41:32.715Z,160636209271600
"""Steve @ vKtqqQXap1"" bets 6",2020-11-26T03:41:29.755Z,160636208975600
"river: A♣, K♦, K♥, 9♠ [3♣]",2020-11-26T03:40:43.872Z,160636204387500
"""Sean @ 6Vj8h9FQMu"" calls 8",2020-11-26T03:40:43.066Z,160636204306700
"""Chad @ 8jqQZhEvdi"" calls 8",2020-11-26T03:39:52.409Z,160636199241000
"""Steve @ vKtqqQXap1"" raises to 8",2020-11-26T03:39:46.234Z,160636198623500
"""Charlie @ aABpeVhrzE"" folds",2020-11-26T03:39:33.948Z,160636197394800
"""Sean @ 6Vj8h9FQMu"" calls 4",2020-11-26T03:39:30.190Z,160636197019100
"""Chad @ 8jqQZhEvdi"" bets 4",2020-11-26T03:38:50.754Z,160636193075400
"""Steve @ vKtqqQXap1"" checks",2020-11-26T03:38:44.259Z,160636192426000
"""Charlie @ aABpeVhrzE"" checks",2020-11-26T03:38:40.857Z,160636192085800
"turn: A♣, K♦, K♥ [9♠]",2020-11-26T03:38:37.313Z,160636191731500
"""Steve @ vKtqqQXap1"" calls 4",2020-11-26T03:38:36.505Z,160636191650500
"""Charlie @ aABpeVhrzE"" calls 4",2020-11-26T03:38:30.146Z,160636191014600
"""Sean @ 6Vj8h9FQMu"" calls 4",2020-11-26T03:38:06.099Z,160636188610000
"""Chad @ 8jqQZhEvdi"" raises to 4",2020-11-26T03:37:42.639Z,160636186264000
"""Steve @ vKtqqQXap1"" bets 2",2020-11-26T03:37:31.013Z,160636185101300
"""Charlie @ aABpeVhrzE"" checks",2020-11-26T03:37:22.301Z,160636184230200
"flop:  [A♣, K♦, K♥]",2020-11-26T03:36:49.767Z,160636180976800
"""Steve @ vKtqqQXap1"" checks",2020-11-26T03:36:48.964Z,160636180896400
"""Charlie @ aABpeVhrzE"" calls 2",2020-11-26T03:36:42.994Z,160636180299400
"""Sean @ 6Vj8h9FQMu"" calls 2",2020-11-26T03:36:38.515Z,160636179851500
"""Chad @ 8jqQZhEvdi"" calls 2",2020-11-26T03:36:37.657Z,160636179765800
"""Steve @ vKtqqQXap1"" posts a big blind of 2",2020-11-26T03:36:29.504Z,160636178951209
"""Charlie @ aABpeVhrzE"" posts a small blind of 1",2020-11-26T03:36:29.504Z,160636178951208
"Your hand is Q♠, K♠",2020-11-26T03:36:29.504Z,160636178951206
"Player stacks: #1 ""Sean @ 6Vj8h9FQMu"" (66) | #2 ""Charlie @ aABpeVhrzE"" (94) | #6 ""Steve @ vKtqqQXap1"" (80) | #7 ""Chad @ 8jqQZhEvdi"" (80)",2020-11-26T03:36:29.504Z,160636178951203
"-- starting hand #3  (No Limit Texas Hold'em) (dealer: ""Sean @ 6Vj8h9FQMu"") --",2020-11-26T03:36:29.504Z,160636178951202
"The admin updated the player ""Chad @ 8jqQZhEvdi"" stack from 60 to 80.",2020-11-26T03:36:29.504Z,160636178951201
"The admin updated the player ""Sean @ 6Vj8h9FQMu"" stack from 86 to 66.",2020-11-26T03:36:29.504Z,160636178951200
"-- ending hand #2 --",2020-11-26T03:36:22.981Z,160636178298402
"""Charlie @ aABpeVhrzE"" collected 28 from pot with Two Pair, J's & 6's (combination: J♠, J♦, 6♥, 6♣, K♦)",2020-11-26T03:36:22.981Z,160636178298401
"""Charlie @ aABpeVhrzE"" shows a 6♥, K♦.",2020-11-26T03:36:22.981Z,160636178298400
"""Sean @ 6Vj8h9FQMu"" calls 6",2020-11-26T03:36:22.169Z,160636178217000
"""Charlie @ aABpeVhrzE"" bets 6",2020-11-26T03:36:11.445Z,160636177144600
"""Sean @ 6Vj8h9FQMu"" checks",2020-11-26T03:36:01.008Z,160636176100900
"river: 6♣, J♠, 5♥, 5♣ [J♦]",2020-11-26T03:35:46.277Z,160636174628300
"""Sean @ 6Vj8h9FQMu"" calls 4",2020-11-26T03:35:45.470Z,160636174547100
"""Charlie @ aABpeVhrzE"" raises to 4",2020-11-26T03:35:38.068Z,160636173806900
"""Sean @ 6Vj8h9FQMu"" bets 2",2020-11-26T03:35:27.805Z,160636172780600
"turn: 6♣, J♠, 5♥ [5♣]",2020-11-26T03:34:47.427Z,160636168742800
"""Charlie @ aABpeVhrzE"" checks",2020-11-26T03:34:46.621Z,160636168662200
"""Sean @ 6Vj8h9FQMu"" checks",2020-11-26T03:34:45.609Z,160636168560900
"flop:  [6♣, J♠, 5♥]",2020-11-26T03:34:18.793Z,160636165879400
"""Sean @ 6Vj8h9FQMu"" calls 4",2020-11-26T03:34:17.986Z,160636165798700
"""Charlie @ aABpeVhrzE"" raises to 4",2020-11-26T03:33:55.836Z,160636163583600
"""Sean @ 6Vj8h9FQMu"" calls 2",2020-11-26T03:33:41.880Z,160636162188000
"""Chad @ 8jqQZhEvdi"" folds",2020-11-26T03:33:41.024Z,160636162102400
"""Steve @ vKtqqQXap1"" folds",2020-11-26T03:33:35.084Z,160636161508500
"WARNING: the admin queued the stack change for the player ""Chad @ 8jqQZhEvdi"" adding 20 chips in the next hand.",2020-11-26T03:33:00.853Z,160636158085400
"WARNING: the admin queued the stack change for the player ""Sean @ 6Vj8h9FQMu"" removing 20 chips in the next hand.",2020-11-26T03:32:49.058Z,160636156905900
"""Charlie @ aABpeVhrzE"" posts a big blind of 2",2020-11-26T03:32:29.044Z,160636154904509
"""Sean @ 6Vj8h9FQMu"" posts a small blind of 1",2020-11-26T03:32:29.044Z,160636154904508
"Your hand is 9♠, 5♦",2020-11-26T03:32:29.044Z,160636154904506
"Player stacks: #1 ""Sean @ 6Vj8h9FQMu"" (100) | #2 ""Charlie @ aABpeVhrzE"" (80) | #6 ""Steve @ vKtqqQXap1"" (80) | #7 ""Chad @ 8jqQZhEvdi"" (60)",2020-11-26T03:32:29.044Z,160636154904503
"-- starting hand #2  (No Limit Texas Hold'em) (dealer: ""Chad @ 8jqQZhEvdi"") --",2020-11-26T03:32:29.044Z,160636154904502
"The game's small blind was changed from 20 to 2.",2020-11-26T03:32:29.044Z,160636154904501
"The game's big blind was changed from 10 to 1.",2020-11-26T03:32:29.044Z,160636154904500
"-- ending hand #1 --",2020-11-26T03:32:22.002Z,160636154200403
"""Chad @ 8jqQZhEvdi"" shows a J♣, 3♣.",2020-11-26T03:32:22.002Z,160636154200402
"""Sean @ 6Vj8h9FQMu"" collected 40 from pot with Pair, 8's (combination: 8♣, 8♠, K♦, Q♦, 10♥)",2020-11-26T03:32:22.002Z,160636154200401
"""Sean @ 6Vj8h9FQMu"" shows a Q♦, 8♣.",2020-11-26T03:32:22.002Z,160636154200400
"""Sean @ 6Vj8h9FQMu"" checks",2020-11-26T03:32:21.192Z,160636154119300
"""Chad @ 8jqQZhEvdi"" checks",2020-11-26T03:32:12.969Z,160636153297000
"river: 2♦, K♦, 10♥, 8♠ [5♥]",2020-11-26T03:32:00.246Z,160636152024900
"""Sean @ 6Vj8h9FQMu"" checks",2020-11-26T03:31:59.443Z,160636151944400
"""Chad @ 8jqQZhEvdi"" checks",2020-11-26T03:31:51.743Z,160636151174400
"turn: 2♦, K♦, 10♥ [8♠]",2020-11-26T03:31:43.683Z,160636150368500
"""Sean @ 6Vj8h9FQMu"" checks",2020-11-26T03:31:42.875Z,160636150287500
"""Chad @ 8jqQZhEvdi"" checks",2020-11-26T03:31:22.068Z,160636148206900
"flop:  [2♦, K♦, 10♥]",2020-11-26T03:31:18.294Z,160636147829500
"""Sean @ 6Vj8h9FQMu"" checks",2020-11-26T03:31:17.479Z,160636147747900
"""Chad @ 8jqQZhEvdi"" calls 20",2020-11-26T03:31:16.621Z,160636147662200
"""Steve @ vKtqqQXap1"" folds",2020-11-26T03:31:08.478Z,160636146847900
"""Charlie @ aABpeVhrzE"" folds",2020-11-26T03:30:47.662Z,160636144766300
"""Sean @ 6Vj8h9FQMu"" posts a big blind of 20",2020-11-26T03:30:27.643Z,160636142765711
"""Chad @ 8jqQZhEvdi"" posts a small blind of 10",2020-11-26T03:30:27.643Z,160636142765710
"Your hand is K♠, Q♥",2020-11-26T03:30:27.643Z,160636142765708
"Player stacks: #1 ""Sean @ 6Vj8h9FQMu"" (80) | #2 ""Charlie @ aABpeVhrzE"" (80) | #6 ""Steve @ vKtqqQXap1"" (80) | #7 ""Chad @ 8jqQZhEvdi"" (80)",2020-11-26T03:30:27.643Z,160636142765705
"The player ""Chad @ 8jqQZhEvdi"" joined the game with a stack of 80.",2020-11-26T03:30:27.643Z,160636142765704
"The player ""Steve @ vKtqqQXap1"" joined the game with a stack of 80.",2020-11-26T03:30:27.643Z,160636142765703
"The player ""Charlie @ aABpeVhrzE"" joined the game with a stack of 80.",2020-11-26T03:30:27.643Z,160636142765702
"The player ""Sean @ 6Vj8h9FQMu"" joined the game with a stack of 80.",2020-11-26T03:30:27.643Z,160636142765701
"-- starting hand #1  (No Limit Texas Hold'em) (dealer: ""Steve @ vKtqqQXap1"") --",2020-11-26T03:30:27.643Z,160636142765700
"The admin approved the player ""Steve @ vKtqqQXap1"" participation with a stack of 80.",2020-11-26T03:18:25.177Z,160636070517900
"The player ""Steve @ vKtqqQXap1"" requested a seat.",2020-11-26T03:18:21.833Z,160636070183400
"The admin approved the player ""Chad @ 8jqQZhEvdi"" participation with a stack of 80.",2020-11-26T03:17:33.245Z,160636065325300
"The player ""Chad @ 8jqQZhEvdi"" requested a seat.",2020-11-26T03:16:54.951Z,160636061495200
"The admin updated the player ""Sean @ 6Vj8h9FQMu"" stack from 0 to 80.",2020-11-26T03:12:37.978Z,160636035798101
"WARNING: the admin queued the stack change for the player ""Sean @ 6Vj8h9FQMu"" adding 80 chips in the next hand.",2020-11-26T03:12:37.978Z,160636035798100
"The admin updated the player ""Sean @ 6Vj8h9FQMu"" stack from 1000 to 0.",2020-11-26T03:12:32.406Z,160636035241001
"WARNING: the admin queued the stack change for the player ""Sean @ 6Vj8h9FQMu"" removing 1000 chips in the next hand.",2020-11-26T03:12:32.406Z,160636035241000
"The admin updated the player ""Charlie @ aABpeVhrzE"" stack from 480 to 80.",2020-11-26T03:12:19.003Z,160636033900901
"WARNING: the admin queued the stack change for the player ""Charlie @ aABpeVhrzE"" removing 400 chips in the next hand.",2020-11-26T03:12:19.003Z,160636033900900
"The admin approved the player ""Charlie @ aABpeVhrzE"" participation with a stack of 480.",2020-11-26T03:12:00.172Z,160636032017500
"The player ""Charlie @ aABpeVhrzE"" requested a seat.",2020-11-26T03:11:12.436Z,160636027243700
"The player ""Sean @ 6Vj8h9FQMu"" created the game with a stack of 1000.",2020-11-26T03:07:35.261Z,160636005526800
